ITEM_TYPE,ITEM,IS_ASF_RISK,IS_CSF_RISK,IS_FMD_RISK,product_pathway,product_subpathway
Animal,Meat,HIGH,HIGH,HIGH,swine products/by-products,personal use or consumption
Animal,"Meat, Processed",HIGH,HIGH,HIGH,swine products/by-products,personal use or consumption
Animal,"Paste, Liver",HIGH,HIGH,HIGH,swine products/by-products,personal use or consumption
Animal,Pate,HIGH,HIGH,HIGH,swine products/by-products,personal use or consumption
Animal,Animal Blood,HIGH,HIGH,HIGH,swine products/by-products,personal use or consumption
Animal,Animal Part,HIGH,HIGH,HIGH,swine products/by-products,personal use or consumption
Animal,"Animal, Carcass",HIGH,HIGH,HIGH,swine products/by-products,personal use or consumption
Animal,"Animal, Live",HIGH,HIGH,HIGH,live animals,illegal imports
Animal,Manure,HIGH,HIGH,HIGH,fomite,contaminant
Animal,"Meat, Wild Animal",HIGH,HIGH,HIGH,swine products/by-products,personal use or consumption
Animal,Pork,HIGH,HIGH,HIGH,swine products/by-products,personal use or consumption
Animal,Pork Product,HIGH,HIGH,HIGH,swine products/by-products,personal use or consumption
Animal,"Pork, Processed",HIGH,HIGH,HIGH,swine products/by-products,personal use or consumption
Animal,"Ruminant or Swine materials from ASF, CSF, FMD, and SVD free regions - Meat",HIGH,HIGH,HIGH,swine products/by-products,personal use or consumption
Animal,"Ruminant or Swine materials from ASF, CSF, FMD, or SVD affected regions - Fresh or frozen Meat",HIGH,HIGH,HIGH,swine products/by-products,personal use or consumption
Animal,Ruminant or Swine materials from FMD affected regions - Fresh or frozen Meat,HIGH,HIGH,HIGH,swine products/by-products,personal use or consumption
Animal,Ruminant or Swine materials from FMD free regions - Meat,HIGH,HIGH,HIGH,swine products/by-products,personal use or consumption
Animal,Ruminant or Swine materials from FMD regions - Fresh or frozen Meat,HIGH,HIGH,HIGH,swine products/by-products,personal use or consumption
Animal,Ruminant or Swine materials from FMD regions - Meat,HIGH,HIGH,HIGH,swine products/by-products,personal use or consumption
Animal,Ruminant or Swine materials from FMD regions - Other than meat,HIGH,HIGH,HIGH,swine products/by-products,personal use or consumption
Animal,Ruminant or Swine materials from FMD SR regions,HIGH,HIGH,HIGH,swine products/by-products,personal use or consumption
Animal,Swine materials from ASF regions,HIGH,HIGH,HIGH,swine products/by-products,personal use or consumption
Animal,Swine materials from CSF regions,HIGH,HIGH,HIGH,swine products/by-products,personal use or consumption
Animal,Swine materials from CSF SR regions,HIGH,HIGH,HIGH,swine products/by-products,personal use or consumption
Animal,Swine materials from SVD regions,HIGH,HIGH,HIGH,swine products/by-products,personal use or consumption
Animal,Swine materials from SVD SR regions,HIGH,HIGH,HIGH,swine products/by-products,personal use or consumption
Animal,Rawhide,LOW,LOW,LOW,swine products/by-products,personal use or consumption
Animal,Semen Container,LOW,LOW,LOW,other products,semen
Animal,"Serum, Biological",LOW,LOW,LOW,other products,plasma
Animal,Animal Food/Feed,LOW,LOW,LOW,fomite,unspecified feed
Animal,Animal Gelatin,LOW,LOW,LOW,swine products/by-products,personal use or consumption
Animal,Animal Horn/Antler,LOW,LOW,LOW,fomite,personal effects
Animal,Animal Skull,LOW,LOW,LOW,fomite,personal effects
Animal,Animal Trophy,LOW,LOW,LOW,fomite,personal effects
Animal,"Hay, straw, and similar materials for animal uses",LOW,LOW,LOW,fomite,plant based feed
Animal,Ruminant and Swine hooves not for trophies or museums,LOW,LOW,LOW,swine products/by-products,personal use or consumption
Animal,Pet Food,MEDIUM,MEDIUM,MEDIUM,fomite,unspecified feed
Animal,"Meat, Bologna",MEDIUM,MEDIUM,MEDIUM,swine products/by-products,personal use or consumption
Animal,"Meat, Broth",MEDIUM,MEDIUM,MEDIUM,swine products/by-products,personal use or consumption
Animal,"Meat, Canned",MEDIUM,MEDIUM,MEDIUM,swine products/by-products,personal use or consumption
Animal,"Meat, Cooked",MEDIUM,MEDIUM,MEDIUM,swine products/by-products,personal use or consumption
Animal,"Meat, Fat/Lard",MEDIUM,MEDIUM,MEDIUM,swine products/by-products,personal use or consumption
Animal,"Meat, Hot Dog",MEDIUM,MEDIUM,MEDIUM,swine products/by-products,personal use or consumption
Animal,"Meat, Minced",MEDIUM,MEDIUM,MEDIUM,swine products/by-products,personal use or consumption
Animal,"Meat, Preserved",MEDIUM,MEDIUM,MEDIUM,swine products/by-products,personal use or consumption
Animal,"Meat, Sandwich",MEDIUM,MEDIUM,MEDIUM,swine products/by-products,personal use or consumption
Animal,"Meat, Tamale",MEDIUM,MEDIUM,MEDIUM,swine products/by-products,personal use or consumption
Animal,Mooncake With Meat,MEDIUM,MEDIUM,MEDIUM,swine products/by-products,personal use or consumption
Animal,Pepperoni,MEDIUM,MEDIUM,MEDIUM,swine products/by-products,personal use or consumption
Animal,Pizza w/ Meat,MEDIUM,MEDIUM,MEDIUM,swine products/by-products,personal use or consumption
Animal,"Pudding, Blood",MEDIUM,MEDIUM,MEDIUM,swine products/by-products,personal use or consumption
Animal,"Sandwich, Meat",MEDIUM,MEDIUM,MEDIUM,swine products/by-products,personal use or consumption
Animal,"Soup, Mix w/ Meat",MEDIUM,MEDIUM,MEDIUM,swine products/by-products,personal use or consumption
Animal,"Tostado, Meat",MEDIUM,MEDIUM,MEDIUM,swine products/by-products,personal use or consumption
Animal,Animal Skin,MEDIUM,MEDIUM,MEDIUM,swine products/by-products,personal use or consumption
Animal,"Hide, Animal",MEDIUM,MEDIUM,MEDIUM,swine products/by-products,personal use or consumption
Animal,"Pork, Bacon",MEDIUM,MEDIUM,MEDIUM,swine products/by-products,personal use or consumption
Animal,"Pork, Chorizo",MEDIUM,MEDIUM,MEDIUM,swine products/by-products,personal use or consumption
Animal,"Pork, Dried",MEDIUM,MEDIUM,MEDIUM,swine products/by-products,personal use or consumption
Animal,"Pork, Fat/Lard",MEDIUM,MEDIUM,MEDIUM,swine products/by-products,personal use or consumption
Animal,"Pork, Ham",MEDIUM,MEDIUM,MEDIUM,swine products/by-products,personal use or consumption
Animal,"Pork, Salami",MEDIUM,MEDIUM,MEDIUM,swine products/by-products,personal use or consumption
Animal,"Pork, Sausage",MEDIUM,MEDIUM,MEDIUM,swine products/by-products,personal use or consumption
Animal,"Pork, Skin",MEDIUM,MEDIUM,MEDIUM,swine products/by-products,personal use or consumption
Animal,Processed Animal Proteins: Non-Ruminant Controlled and Undetermined Risk Countries,MEDIUM,MEDIUM,MEDIUM,swine products/by-products,personal use or consumption
Animal,Processed Animal Proteins: Non-Ruminant Negligible Risk Countries,MEDIUM,MEDIUM,MEDIUM,swine products/by-products,personal use or consumption
Animal,Processed Animal Proteins: Ruminant,MEDIUM,MEDIUM,MEDIUM,swine products/by-products,personal use or consumption
Animal,"Ruminant or Swine materials from ASF, CSF, FMD, and SVD free regions - Other than meat",MEDIUM,MEDIUM,MEDIUM,swine products/by-products,personal use or consumption
Animal,"Ruminant or Swine materials from ASF, CSF, FMD, or SVD affected regions - Cured or cooked Meat",MEDIUM,MEDIUM,MEDIUM,swine products/by-products,personal use or consumption
Animal,"Ruminant or Swine materials from ASF, CSF, FMD, or SVD regions - Other than meat",MEDIUM,MEDIUM,MEDIUM,swine products/by-products,personal use or consumption
Animal,Ruminant or Swine materials from FMD affected regions - Cured or cooked Meat,MEDIUM,MEDIUM,MEDIUM,swine products/by-products,personal use or consumption
Animal,Ruminant or Swine materials from FMD affected regions - Other than meat,MEDIUM,MEDIUM,MEDIUM,swine products/by-products,personal use or consumption
Animal,Ruminant or Swine materials from FMD free regions - Other than meat,MEDIUM,MEDIUM,MEDIUM,swine products/by-products,personal use or consumption
Animal,Ruminant or Swine materials from FMD regions - Cured or cooked Meat,MEDIUM,MEDIUM,MEDIUM,swine products/by-products,personal use or consumption
Animal,Ruminant and porcine Hides /skins (excluding those from Mexico),MEDIUM,MEDIUM,MEDIUM,swine products/by-products,personal use or consumption
Animal,Ruminant and porcine Hides /skins (from Mexico),MEDIUM,MEDIUM,MEDIUM,swine products/by-products,personal use or consumption
Animal,"Milk, Sweeten",,,LOW,,
Animal,"Milk, Dried",,,,,
Animal,"Milk, Evaporated",,,,,
Animal,"Milk, Powdered",,,,,
Animal,"Beef, Flake",,,HIGH,,
Animal,"Beef, Processed",,,HIGH,,
Animal,"Beef, Shredded",,,HIGH,,
Animal,Bovine (cattle and American Bison) - Blood/Blood Products,,,HIGH,,
Animal,Bovine (cattle and American Bison) - Collagen,,,HIGH,,
Animal,Bovine (cattle and American Bison) - inedible material,,,HIGH,,
Animal,Bovine (cattle and American Bison) - not for human consumption,,,HIGH,,
Animal,Bovine (cattle and American Bison) - Specified Risk Materials,,,HIGH,,
Animal,BSE Controlled Risk Region - Bovine (cattle and American Bison),,,HIGH,,
Animal,BSE Negligible Risk Region - Bovine (cattle and American Bison),,,HIGH,,
Animal,BSE Undetermined Risk Region - Bovine (cattle and American Bison),,,HIGH,,
Animal,"Goat, Meat",,,HIGH,,
Animal,Hunter Harvested Bovine (cattle and American Bison) Meat or Dressed Carcass,,,HIGH,,
Animal,Lamb,,,HIGH,,
Animal,"Lamb, Processed",,,HIGH,,
Animal,Beef,,,HIGH,,
Animal,Milk,,,LOW,,
Animal,Ruminant or Swine materials from FMD affected regions - Milk / Milk Products,,,LOW,,
Animal,Ruminant or Swine materials from FMD free regions - Milk / Milk Products,,,LOW,,
Animal,Ruminant or Swine materials from FMD regions - Milk / Milk Products,,,LOW,,
Animal,Ruminant hides/skins from Mexico,,,LOW,,
Animal,Beef Tripe,,,MEDIUM,,
Animal,"Beef, Chorizo",,,MEDIUM,,
Animal,"Beef, Dry",,,MEDIUM,,
Animal,"Beef, Fat/Lard",,,MEDIUM,,
Animal,"Beef, Jerky",,,MEDIUM,,
Animal,"Beef, Sausage",,,MEDIUM,,
Animal,"Cheese, Goat",,,MEDIUM,,
Animal,Gelatin - Bovine (cattle and American Bison),,,MEDIUM,,
Animal,"Meat, Hamburger",,,MEDIUM,,
Plant,Abiu,,,,,
Plant,Abelmoschus esculentus - Abelmoschus esculentus,,,,,
Plant,Abelmoschus esculentus - OKRA,,,,,
Plant,Abies concolor - Abies concolor,,,,,
Plant,Abies sp. - Abies,,,,,
Plant,Abies sp. - Abies sp.,,,,,
Plant,Acacia,,,,,
Plant,Acacia sp. - Acacia sp.,,,,,
Plant,Acanthocalycium glaucum  (Cactaceae),,,,,
Plant,Acanthocereus sp. - PITAHAYA,,,,,
Plant,Acanthocereus tetragonus - Acanthocereus tetragonus,,,,,
Plant,Acca sellowiana - FEIJOA,,,,,
Plant,Acer palmatum - Acer palmatum,,,,,
Plant,Acer platanoides - Acer platanoides,,,,,
Plant,Acer sp. - Acer sp.,,,,,
Plant,Acer sp. (Sapindaceae),,,,,
Plant,Achillea,,,,,
Plant,Acis rosea - Acis rosea,,,,,
Plant,Aconitum,,,,,
Plant,Acriopsis liliifolia  (Orchidaceae),,,,,
Plant,Actinidia arguta - BABY KIWI,,,,,
Plant,Actinidia chinensis - KIWI,,,,,
Plant,Actinidia deliciosa - KIWI,,,,,
Plant,Adenium obesum - Adenium obesum,,,,,
Plant,Adenium sp. - Adenium sp.,,,,,
Plant,Adiantum caudatum - Adiantum caudatum,,,,,
Plant,Adiantum raddianum - Adiantum raddianum,,,,,
Plant,Adiantum sp. - Adiantum sp.,,,,,
Plant,Adonidia sp. - Adonidia sp.,,,,,
Plant,Aechmea fasciata - Aechmea fasciata,,,,,
Plant,Aegle marmelos - BAEL FRUIT,,,,,
Plant,Aeonium arborescens - Aeonium arborescens,,,,,
Plant,Aframomum melegueta - Aframomum melegueta,,,,,
Plant,Agaricus sp. - Agaricus sp.,,,,,
Plant,Agave,,,,,
Plant,Agave albescens - Agave albescens,,,,,
Plant,Agave americana - Agave americana,,,,,
Plant,Agave atrovirens - MAGUEY,,,,,
Plant,"Agave atrovirens - Maguey, Lvs",,,,,
Plant,Agave sp. - Agave sp.,,,,,
Plant,Agave sp. - Mague,,,,,
Plant,Aglaonema commutatum - Aglaonema commutatum,,,,,
Plant,Aglaonema sp. - Aglaonema sp.,,,,,
Plant,Ajuga reptans - Ajuga reptans,,,,,
Plant,Ajuga sp. - Ajuga sp.,,,,,
Plant,Akebia quinata - Akebia quinata,,,,,
Plant,Akee,,,,,
Plant,Aleurites moluccanus - Aleurites moluccanus,,,,,
Plant,Allium,,,,,
Plant,Allium ampeloprasum - LEEK,,,,,
Plant,Allium cepa - Allium cepa,,,,,
Plant,Allium cepa - ONION,,,,,
Plant,Allium cepa var. aggregatum - Shallot,,,,,
Plant,Allium fistulosum - GREEN ONION,,,,,
Plant,Allium fistulosum - Scallion,,,,,
Plant,Allium porrum - LEEK,,,,,
Plant,Allium sativum - Allium sativum,,,,,
Plant,Allium sativum - GARLIC,,,,,
Plant,"Allium sativum - Garlic Cloves, Peeled",,,,,
Plant,Allium schoenoprasum - Allium schoenoprasum,,,,,
Plant,Allium schoenoprasum - CHIVE,,,,,
Plant,Allium sp. - Allium,,,,,
Plant,Allium sp. - Allium sp.,,,,,
Plant,Allium tuberosum - Allium tuberosum,,,,,
Plant,Allium tuberosum - GARLIC CHIVE,,,,,
Plant,Alocasia amazonica  (Araceae),,,,,
Plant,Alocasia chaii  (Araceae),,,,,
Plant,Alocasia sp. - Alocasia,,,,,
Plant,Alocasia sp. - Alocasia sp.,,,,,
Plant,Alocasia sp. - DASHEEN,,,,,
Plant,"Alocasia sp. - Dasheen, Lvs",,,,,
Plant,Alocasia wentii  (Araceae),,,,,
Plant,Alocasia zebrina - Alocasia zebrina,,,,,
Plant,Aloe,,,,,
Plant,Aloe arborescens - Aloe arborescens,,,,,
Plant,Aloe aristata - Aloe aristata,,,,,
Plant,Aloe polyphylla - Aloe polyphylla,,,,,
Plant,Aloe sp. - Aloe,,,,,
Plant,Aloe sp. - Aloe sp.,,,,,
Plant,Aloe vera - Aloe vera,,,,,
Plant,Apple,,,,,
Plant,"Aloe, Leaves",,,,,
Plant,Alokon,,,,,
Plant,Alpinia,,,,,
Plant,Alpinia galanga - Alpinia galanga,,,,,
Plant,Alpinia mutica  (Zingiberaceae),,,,,
Plant,Alpinia purpurata - Alpinia purpurata,,,,,
Plant,Alpinia sp. - Alpinia,,,,,
Plant,Alstroemeria sp. - Alstroemeria,,,,,
Plant,Alternanthera sp. - Alternanthera sp.,,,,,
Plant,Alysicarpus vaginalis - leave,,,,,
Plant,Alyssum sp. - Alyssum sp.,,,,,
Plant,Alyxia,,,,,
Plant,Alyxia sp. - Alyxia,,,,,
Plant,Alyxia stellata - Maile,,,,,
Plant,Amaranthus,,,,,
Plant,Amaranthus dubius  (Amaranthaceae),,,,,
Plant,Amaranthus mangostanus  (Amaranthaceae),,,,,
Plant,Amaranthus sp. - AMARANTH,,,,,
Plant,Amaranthus sp. - Amaranthus,,,,,
Plant,Amaranthus sp. - Amaranthus sp.,,,,,
Plant,Amaryllidaceae,,,,,
Plant,Amaryllis,,,,,
Plant,Amaryllis sp. - Amaryllis,,,,,
Plant,Amaryllis sp. - Amaryllis sp.,,,,,
Plant,Ambarella,,,,,
Plant,Amelanchier alnifolia - JUNEBERRY,,,,,
Plant,Amelanchier sp. - Amelanchier sp.,,,,,
Plant,Ammi sp. - Ammi,,,,,
Plant,Amphicarpaea bracteata - HOG PEANUT,,,,,
Plant,Amygdalus sp. - Amygdalus sp.,,,,,
Plant,Anacardium occidentale - CASHEW,,,,,
Plant,Anacardium occidentale - Cashew Apple,,,,,
Plant,Ananas,,,,,
Plant,Ananas comosus - Ananas comosus,,,,,
Plant,Ananas comosus - PINEAPPLE,,,,,
Plant,Androsace sp. - Androsace,,,,,
Plant,Anemone,,,,,
Plant,Anethum,,,,,
Plant,Anethum graveolens - Anethum graveolens,,,,,
Plant,Anethum graveolens - DILL,,,,,
Plant,Anethum sp. - Anethum,,,,,
Plant,Anise,,,,,
Plant,Annatto,,,,,
Plant,Annona cherimola - CHERIMOYA,,,,,
Plant,"Annona cherimola - Cherimoya, Lvs",,,,,
Plant,Annona muricata - Annona muricata,,,,,
Plant,Annona muricata - GUANABANA,,,,,
Plant,"Annona muricata - GUANABANA, LVS",,,,,
Plant,Annona muricata - Soursop,,,,,
Plant,"Annona muricata - Soursop, Lvs",,,,,
Plant,Annona reticulata - CUSTARD APPLE,,,,,
Plant,"Annona reticulata - Custard Apple, Lvs",,,,,
Plant,Annona sp. - Annona,,,,,
Plant,Annona sp. - Annona sp.,,,,,
Plant,Annona squamosa - SWEETSOP,,,,,
Plant,Anthemis sp. - Anthemis sp.,,,,,
Plant,Anthemis sp. - CHAMOMILE,,,,,
Plant,Anthoxanthum sp. - Anthoxanthum sp.,,,,,
Plant,Anthriscus cerefolium - CHERVIL,,,,,
Plant,Anthurium,,,,,
Plant,Anthurium andraeanum - Anthurium andraeanum,,,,,
Plant,Anthurium sp. - Anthurium,,,,,
Plant,Anthurium sp. - Anthurium sp.,,,,,
Plant,Antirrhinum,,,,,
Plant,Antirrhinum majus - Antirrhinum majus,,,,,
Plant,Antirrhinum sp. - Antirrhinum,,,,,
Plant,Antrecha,,,,,
Plant,Aphelandra sp. - Aphelandra sp.,,,,,
Plant,Apiaceae,,,,,
Plant,Apium graveolens - Apium graveolens,,,,,
Plant,Apium graveolens var. dulce - CELERY,,,,,
Plant,Apium graveolens var. rapaceum - CELERIAC,,,,,
Plant,"Apple, Balsam",,,,,
Plant,"Apple, Custard",,,,,
Plant,"Apple, Malay",,,,,
Plant,"Apple, Mammee",,,,,
Plant,"Apple, Rose",,,,,
Plant,Apricot,,,,,
Plant,Aquilaria sp. - Aquilaria sp.,,,,,
Plant,Aquilegia hybrida - Aquilegia hybrida,,,,,
Plant,Araceae - Araceae,,,,,
Plant,Arachis hypogaea - Peanut,,,,,
Plant,Arachniodes sp. - Arachniodes,,,,,
Plant,Arachnis sp. - Arachnis,,,,,
Plant,Aralia,,,,,
Plant,Arborvitae,,,,,
Plant,Arctium lappa - BURDOCK,,,,,
Plant,Arctostaphylos manzanita - Arctostaphylos manzanita,,,,,
Plant,Arctostaphylos sp. - Arctostaphylos sp.,,,,,
Plant,Arctostaphylos uva-ursi - Arctostaphylos uva-ursi,,,,,
Plant,Areca catechu - BETEL NUT,,,,,
Plant,Areca sp. - Areca,,,,,
Plant,Areca sp. - Areca sp.,,,,,
Plant,Arecaceae - Arecaceae,,,,,
Plant,Arecaceae - Palm foliage,,,,,
Plant,Arenaria sp. - Arenaria sp.,,,,,
Plant,Argemone sp. - Argemone,,,,,
Plant,Argyranthemum sp. - Argyranthemum sp.,,,,,
Plant,Armeria sp. - Armeria sp.,,,,,
Plant,Armoracia rusticana - Armoracia rusticana,,,,,
Plant,Armoracia rusticana - HORSERADISH,,,,,
Plant,Arracacia xanthorrhiza - PERUVIAN CARROT,,,,,
Plant,Arrowhead,,,,,
Plant,Artemisia absinthium - Wormwood,,,,,
Plant,Artemisia dracunculus - TARRAGON,,,,,
Plant,Arrowroot,,,,,
Plant,Artocarpus altilis - Artocarpus altilis,,,,,
Plant,Artocarpus altilis - BREADFRUIT,,,,,
Plant,Artocarpus camansi - BREADNUT,,,,,
Plant,Artocarpus heterophyllus - Artocarpus heterophyllus,,,,,
Plant,Artocarpus heterophyllus - JACKFRUIT,,,,,
Plant,Asarum europaeum - Asarum europaeum,,,,,
Plant,Asclepias sp. - Asclepias,,,,,
Plant,Ascomycota - MUSHROOM,,,,,
Plant,Artichoke,,,,,
Plant,Asparagus densiflorus - Asparagus densiflorus,,,,,
Plant,Asparagus officinalis - ASPARAGUS,,,,,
Plant,Asparagus officinalis - Asparagus officinalis,,,,,
Plant,Asparagus officinalis - WHITE ASPARAGUS,,,,,
Plant,Asparagus sp. - Asparagus,,,,,
Plant,Asparagusplume,,,,,
Plant,Asplenium nidus - Asplenium nidus,,,,,
Plant,Aster sp. - Aster,,,,,
Plant,Aster sp. - Aster sp.,,,,,
Plant,Asteraceae - Asteraceae,,,,,
Plant,Astilbe sp. - Astilbe,,,,,
Plant,Atemoya,,,,,
Plant,Atriplex,,,,,
Plant,Aucuba japonica - Aucuba japonica,,,,,
Plant,Avena sativa - Avena sativa,,,,,
Plant,Avena sativa - Oats,,,,,
Plant,Avena sp. - Avena,,,,,
Plant,Averrhoa bilimbi - BILIMBI,,,,,
Plant,Averrhoa carambola - CARAMBOLA,,,,,
Plant,Averrhoa sp. - Averrhoa,,,,,
Plant,Averrhoa sp. - Averrhoa sp.,,,,,
Plant,Arugula,,,,,
Plant,"Avocado, Without Seed",,,,,
Plant,Ayale,,,,,
Plant,Azadirachta indica - Azadirachta indica,,,,,
Plant,Azadirachta indica - Neem,,,,,
Plant,Azarole,,,,,
Plant,Babaco,,,,,
Plant,Baccaurea motleyana - RAMBAI,,,,,
Plant,Bactris gasipaes - PEACH PALM,,,,,
Plant,Bael Fruit,,,,,
Plant,Balietje,,,,,
Plant,Asparagus,,,,,
Plant,Bambusa,,,,,
Plant,Bambusa sp. - Bamboo,,,,,
Plant,Bambusa sp. - BAMBOO SHOOTS,,,,,
Plant,Bambusa sp. - Bambusa,,,,,
Plant,Bambusa sp. - Bambusa sp.,,,,,
Plant,Bambusoideae,,,,,
Plant,"Banana, Flower",,,,,
Plant,Aster,,,,,
Plant,Banksia sp. - Banksia,,,,,
Plant,Barbados Cherry,,,,,
Plant,Basella alba - MALABAR SPINACH,,,,,
Plant,Basidiomycota - MUSHROOM,,,,,
,Abies Balsam,,,,,
Plant,Basilicum,,,,,
Plant,Basilicum sp. - Basilicum sp.,,,,,
,"Abies sp., CF",,,,,
Plant,Avocado,,,,,
,Abrasive Material,,,,,
Plant,Bay Leaves,,,,,
Plant,Beaked Filbert,,,,,
,"Acacia sp., CF",,,,,
Plant,Bamboo,,,,,
Plant,Bean Sprout,,,,,
Plant,"Bean, Dried",,,,,
,"Acer sp., PM",,,,,
,Adhesive Tape,,,,,
,"Aerva sp., CF",,,,,
,African Oil Palm,,,,,
,Ageratum sp.  CF,,,,,
Plant,"Bean, Pad",,,,,
,Agricultural Product,,,,,
Plant,Beargrass,,,,,
,Agriculture Machinery,,,,,
Miscellaneous,Aircraft,,,,,
,"Allium sp., CF",,,,,
,Alloy Blank,,,,,
,"Alpinia sp., CF",,,,,
,Alstromeria,,,,,
,Aluminum,,,,,
,Aluminum Coil,,,,,
,Alyxia sp.,,,,,
,Amaranth,,,,,
,"Amaranthus sp., CF",,,,,
,"Ammi majus, CF",,,,,
,"Anemone sp., CF",,,,,
,"Anigozanthos sp., CF",,,,,
Miscellaneous,Animal Feed Seed,,,,,
Plant,Begonia eliator  (Begoniaceae),,,,,
Plant,Begonia hybrida - Begonia hybrida,,,,,
Plant,Begonia maculata - Begonia maculata,,,,,
Plant,Begonia sp. - Begonia sp.,,,,,
Animal,Animal Vaccine,LOW,,,,
Plant,Begonia tuberhybrida voss - Begonia tuberhybrida voss,,,,,
Plant,Begonia x hiemalis - Begonia hiemalis,,,,,
Plant,Belgian Endive,,,,,
Miscellaneous,Anise Seed,,,,,
Plant,Bellis perennis - Bellis perennis,,,,,
Plant,Bellis sp. - Bellis,,,,,
Plant,Benincasa hispida - WINTER MELON,,,,,
Plant,Berberis sp. - Barberry,,,,,
Plant,Bergenia cordifolia - Bergenia cordifolia,,,,,
Plant,Bergera koenigii - Bergera koenigii,,,,,
Plant,Bergera koenigii - CURRYLEAF,,,,,
Plant,Berlandiera sp. - Berlandiera sp.,,,,,
Plant,Berry,,,,,
Plant,"Berry, Blackberry",,,,,
Plant,"Berry, Blueberry",,,,,
Plant,"Berry, Bosenberry",,,,,
Plant,"Berry, Chokeberry",,,,,
Plant,"Berry, Chokecherry",,,,,
Plant,"Berry, Cranberry",,,,,
Plant,"Berry, Gooseberry",,,,,
Plant,"Berry, Juneberry",,,,,
Plant,"Berry, Mulberry",,,,,
Plant,"Berry, Raspberry",,,,,
Plant,"Berry, Strawberry",,,,,
Plant,"Berry, Turkey",,,,,
Plant,"Berry, Velvetleaf Blueberry",,,,,
,"Anthirrhinum sp., CF",,,,,
Plant,Beta vulgaris - BEET,,,,,
Plant,"Beta vulgaris - Beet, Lvs",,,,,
Plant,Beta vulgaris - Beta vulgaris,,,,,
Plant,Beta vulgaris subsp. vulgaris - SWISS CHARD,,,,,
Plant,Betula sp. - Betula,,,,,
Plant,Betula sp. - Betula sp.,,,,,
Plant,Bidens pilosa - Bidens pilosa,,,,,
Plant,Bidens sp. - Bidens sp.,,,,,
Plant,Bilimbi,,,,,
,"Anthurium sp., CF",,,,,
,Antique,,,,,
Plant,Bamboo Shoot,,,,,
,"Aralia sp., CF",,,,,
Plant,Banana,,,,,
Plant,Bixa orellana - Achiote,,,,,
Plant,Black Huckleberry,,,,,
,"Aranda sp., CF",,,,,
Plant,Blighia sapida - Blighia sapida,,,,,
,"Arctostaphylos sp., PM",,,,,
Plant,"Banana, Leaves",,,,,
Miscellaneous,Artware/Craft/Handicraft,,,,,
Plant,Bonnet Bellflower,,,,,
Plant,Borago officinalis - Borago officinalis,,,,,
Plant,Borrachito,,,,,
Plant,Borreria sp. - Borreria sp.,,,,,
,"Asclepias sp., CF",,,,,
Plant,Basil,,,,,
Plant,Bougainvillea sp. - Bougainvillea sp.,,,,,
Plant,Bouquet,,,,,
,"Asparagus, Green",,,,,
Plant,Bouvardia sp. - Bouvardia,,,,,
Plant,Bay Laurel,,,,,
,Aster Flower Mix,,,,,
,"Astericoides sp.,   CF",,,,,
,"Astilbe sp.,  CF",,,,,
,Auto,,,,,
Plant,Boxwood,,,,,
Plant,Brachyscome sp. - Brachyscome sp.,,,,,
,Auto Part,,,,,
Miscellaneous,Automobile,,,,,
Plant,"Branch, Infested",,,,,
Plant,"Branch, w/ Leaves",,,,,
Plant,Brassia sp. - Brassia,,,,,
Plant,Brassica juncea - MUSTARD GREENS,,,,,
Plant,Brassica napus - Brassica napus,,,,,
Plant,Brassica napus subsp. rapifera - RUTABAGA,,,,,
Plant,Brassica nigra - Brassica nigra,,,,,
Plant,Brassica oleracea - Brassica oleracea,,,,,
Plant,Brassica oleracea var. alboglabra - CHINESE BROCCOLI,,,,,
Plant,Brassica oleracea var. alboglabra X italica - BABY BROCCOLI,,,,,
Plant,Brassica oleracea var. botrytis - CAULIFLOWER,,,,,
Plant,Brassica oleracea var. capitata - CABBAGE,,,,,
Plant,Brassica oleracea var. gemmifera - BRUSSELS SPROUTS,,,,,
Plant,Brassica oleracea var. gongylodes - KOHLRABI,,,,,
Plant,Brassica oleracea var. italica - Brassica oleracea var. italica,,,,,
Plant,Brassica oleracea var. italica - BROCCOLI,,,,,
Plant,Brassica oleracea var. palmifolia - PALM KALE,,,,,
Plant,Brassica oleracea var. viridis - KALE,,,,,
Animal,Avian materials from European Poultry Trade Region (PTR) region,,,,,
Plant,Brassica rapa subsp. chinensis - PAK CHOI,,,,,
Plant,Brassica rapa subsp. narinosa - CHINESE FLAT CABBAGE,,,,,
Plant,Brassica rapa subsp. pekinensis - CHINESE CABBAGE,,,,,
Plant,Brassica rapa subsp. rapa - TURNIP,,,,,
Plant,Brassica rapa var. perviridis - SPINACH MUSTARD,,,,,
Plant,Brassica sp. - Brassica,,,,,
Plant,Brassica sp. - Brassica sp.,,,,,
Plant,Brassica sp. - Rapeseed,,,,,
Animal,Avian materials from ND or HPAI regions,,,,,
Plant,Brassicaceae - Brassicaceae,,,,,
Animal,Avian materials from ND SR regions,,,,,
Animal,Avian materials from regions not affected with HPAI or ND,,,,,
Plant,"Breadfruit, Leaves",,,,,
Plant,Breadnut,,,,,
Plant,Bean,,,,,
Plant,Broadleaf Plantain,,,,,
,Azalea,,,,,
Plant,Bromelia pinguin - PINGUIN,,,,,
Plant,Bromelia sp. - Bromelia,,,,,
Plant,Bromelia sp. - Bromelia sp.,,,,,
Plant,Bromeliaceae sp. ,,,,,
Miscellaneous,Bag/Bagging,,,,,
Plant,Broomcorn,,,,,
Plant,Brosimum alicastrum - BREADNUT,,,,,
Miscellaneous,Baggage,,,,,
Plant,Brunnera sp. - Brunnera sp.,,,,,
Plant,Brussels Sprout,,,,,
Plant,"Bryophyllium sp., PM",,,,,
,Bamboo Stake,,,,,
Plant,Beet,,,,,
,Banana Flower,,,,,
Plant,Buddleja sp. - Buddleja sp.,,,,,
Plant,Bitter Melon,,,,,
Plant,"Bulb, Plant/Flower",,,,,
Plant,Bulbinella sp. - Bulbinella sp.,,,,,
,Basket Ware,,,,,
,Battery,,,,,
Plant,Burlap,,,,,
Plant,Butterbur,,,,,
Miscellaneous,Boat,,,,,
Plant,Buxus microphylla - Buxus microphylla,,,,,
Plant,Buxus sp. - Buxus sp.,,,,,
,"Bean, Fava",,,,,
Plant,Byrsonima crassifolia - Nance,,,,,
,"Bean, French",,,,,
Plant,Bottle Gourd,,,,,
,"Bean, Fresh",,,,,
,"Bean, Green",,,,,
,"Bean, Guar",,,,,
Plant,Cactaceae - Cactaceae,,,,,
Plant,Cactus Fruit,,,,,
,"Bean, String",,,,,
Plant,Breadfruit,,,,,
Plant,Cactus Plant,,,,,
Plant,Cactus sp. ,,,,,
Plant,Cajanus cajan - PIGEON PEA,,,,,
Plant,Calamansi,,,,,
Plant,Calathea macrosepala - CHUFLE,,,,,
Plant,Calathea sp. - Calathea sp.,,,,,
Plant,Calendula,,,,,
Plant,Calibrachoa hybrida  (Solanaceae),,,,,
Plant,Calibrachoa sp. - Calibrachoa sp.,,,,,
Plant,Calla sp. - Calla sp.,,,,,
Plant,Callisia repens  (Commelinaceae),,,,,
Plant,Callisia sp. - Callisia sp.,,,,,
Plant,Callistephus sp. - Callistephus,,,,,
Plant,Calluna sp. - Calluna sp.,,,,,
Plant,Calluna vulgaris - Calluna vulgaris,,,,,
Plant,Calophyllum brasiliense - FALSE-MAMEY,,,,,
Plant,Calotropis,,,,,
Plant,Camellia,,,,,
Plant,Camellia sp. - Camellia,,,,,
Plant,Campanula portenschlagiana - Campanula portenschlagiana,,,,,
Plant,Canarium indicum - JAVA-ALMOND,,,,,
Plant,Canavalia ensiformis - JACK-BEAN,,,,,
Plant,Candytuft,,,,,
Plant,"Cane, Dracaena",,,,,
Plant,"Cane, Yucca",,,,,
Plant,Canistel,,,,,
Plant,Canna indica - Canna indica,,,,,
Plant,Canna sp. - Canna sp.,,,,,
Plant,Cannabis sativa - Cannabis sativus,,,,,
Plant,Cannonball Fruit,,,,,
Plant,Broccoli,,,,,
Plant,Capanemia sp. - Capanemia sp.,,,,,
Plant,Cape Gooseberry,,,,,
Plant,Caper,,,,,
Plant,Capsicum annuum - BELL PEPPER,,,,,
Plant,"Capsicum annuum - Bell Pepper, Black",,,,,
Plant,Capsicum annuum - Capsicum annum,,,,,
Plant,Capsicum annuum var. glabriusculum - Capsicum annuum var. glabriusculum,,,,,
Plant,Capsicum baccatum var. baccatum - CAYENNE PEPPER,,,,,
Plant,Capsicum chinense - BONNET PEPPER,,,,,
Plant,Capsicum frutescens - TABASCO PEPPER,,,,,
Plant,Capsicum pubescens - ROCOTO PEPPER,,,,,
Plant,Capsicum sp. - Capsicum sp.,,,,,
Plant,Capsicum sp. - Chili Pepper,,,,,
Plant,Capsicum sp. - Dried Peppers,,,,,
Plant,Capsicum sp. - Other Pepper,,,,,
Plant,Capsicum sp. - PEPPER,,,,,
Plant,Caragana sp. - Caragana sp.,,,,,
Plant,Carambola,,,,,
Plant,Cardoon,,,,,
Plant,Carex testacea - Carex testacea,,,,,
Plant,Carica papaya - PAPAYA,,,,,
Plant,Carissa macrocarpa - NATAL PLUM,,,,,
Plant,Carthamus,,,,,
Plant,Carya illinoinensis - PECAN,,,,,
Plant,Casimiroa edulis - WHITE SAPOTE,,,,,
Plant,Casimiroa sp. - Casimiroa sp.,,,,,
,Beer,,,,,
Plant,Burdock,,,,,
Plant,Cassia fistula - Cassia fistula,,,,,
Miscellaneous,Beeswax,,,,,
Plant,Castanea sativa - Castanea sativa,,,,,
Plant,Castanea sativa - EUROPEAN CHESTNUT,,,,,
Plant,Castanea sp. - Chestnut,,,,,
Plant,Cattleya sp. - Cattleya sp.,,,,,
,"Beet, Sugar",,,,,
Plant,Cabbage,,,,,
Plant,Caustis,,,,,
Plant,Cedrus sp. - Cedrus sp.,,,,,
,Begonia sp. PM,,,,,
,Bell Pepper,,,,,
Plant,Cacao Bean Pod,,,,,
Plant,Celosia sp. - Celosia,,,,,
Plant,Celosia sp. - Celosia sp.,,,,,
Plant,Celtis sp. - Celtis sp.,,,,,
Plant,Centaurea,,,,,
Plant,Centaurea cyanus - Centaurea cyanus,,,,,
,"Berzelia sp., CF",,,,,
Animal,Bird,,,,,
Miscellaneous,Bird Seed Mix,,,,,
Animal,Bird trophies,,,,,
Plant,Cercis canadensis - Cercis canadensis,,,,,
Plant,Cercis sp. - Cercis,,,,,
Plant,Cereus sp. - PITAHAYA,,,,,
Plant,Ceriman,,,,,
Plant,Cestrum,,,,,
Plant,Cestrum nocturnum - Cestrum nocturnum,,,,,
Plant,Cestrum sp. - Cestrum,,,,,
Animal,Birds Nest,,,,,
Plant,Chamaecyparis lawsoniana - Chamaecyparis lawsoniana,,,,,
Plant,Chamaecyparis sp. - Chamaecyparis,,,,,
Plant,Chamaecyparis sp. - Chamaecyparis sp.,,,,,
Plant,Chamaedorea,,,,,
Plant,Chamaedorea elegans - Chamaedorea elegans,,,,,
Plant,Chamaedorea sp. - Chamaedorea,,,,,
Plant,Chamaedorea sp. - Chamaedorea sp.,,,,,
Plant,Chamaedorea tepejilote - PACAYA,,,,,
Plant,Chamaemelum nobile - Chamaemelum nobile,,,,,
Plant,Chamaenerion  angustifolium  (Onagraceae),,,,,
Plant,Chamelaucium,,,,,
Plant,Chamelaucium sp. - Chamelaucium,,,,,
Plant,Chamomile,,,,,
Plant,Chaya/Tree Spinach,,,,,
,Blackberry,,,,,
Plant,Cactus Pad,,,,,
,Blueberry,,,,,
Plant,Calalu,,,,,
,Bok Choy,,,,,
,Bolt,,,,,
Plant,Chenopodium album - LAMBSQUARTER,,,,,
Plant,Cherimoya,,,,,
Plant,Cherry,,,,,
,"Bouquet mixed, CF",,,,,
,"Bouquets rose, CF",,,,,
Plant,Chickpea,,,,,
,Brake Part,,,,,
Plant,Cantaloupe,,,,,
,"Branch, Cut",,,,,
,"Brassica Oleracea, CF",,,,,
,"Brassica,  CF",,,,,
,Brassware,,,,,
Plant,Chinquapin,,,,,
,Brick,,,,,
Plant,Carrot,,,,,
Plant,Chlorophytum comosum - Chlorophytum comosum,,,,,
Plant,Chlorophytum sp. - Chlorophytum sp.,,,,,
Plant,Choisya sp. - Choisya,,,,,
Plant,Chrysanthemum,,,,,
Plant,Chrysanthemum Green,,,,,
,Broom,,,,,
Plant,Chrysanthemum morifolium  (Asteraceae),,,,,
Plant,Chrysanthemum sp. - Chrysanthemum,,,,,
Plant,Chrysanthemum sp. - Chrysanthemum sp.,,,,,
,"Brunia sp., CF",,,,,
,Brussel Sprout,,,,,
Plant,Chrysobalanus icaco - COCOPLUM,,,,,
Plant,Chrysophyllum albidum - AFRICAN STAR-APPLE,,,,,
Plant,Chrysophyllum cainito - STAR-APPLE,,,,,
Plant,Cicer arietinum - CHICKPEA,,,,,
Plant,Cicer arietinum - Chickpeas,,,,,
Plant,Cicer arietinum - Cicer arietinum,,,,,
Plant,Cassava,,,,,
Plant,"Cichorium endivia - Endive, Lvs",,,,,
Plant,Cichorium intybus - BELGIAN ENDIVE,,,,,
Plant,Cichorium intybus var. foliosum - RADICCHIO,,,,,
Plant,Cichorium sp. - CHICORY,,,,,
Plant,Cichorium sp. - Cichorium sp.,,,,,
Plant,Ciku,,,,,
Plant,Cauliflower,,,,,
Plant,Cinammon,,,,,
Plant,Cinnamomum aromaticum - Cinnamon,,,,,
Plant,Cinnamomum sp. - Cinnamomum sp.,,,,,
Plant,Cinnamomum tamala - Cinnamomum tamala,,,,,
Plant,Cinnamomum verum - Cinnamomum verum,,,,,
Plant,Citron,,,,,
Plant,Citronella,,,,,
Plant,Citrullus lanatus - Citrullus lanatus,,,,,
Plant,Citrullus lanatus - WATERMELON,,,,,
Plant,Citrullus lanatus (Thunb.) Matsum. & Nakai (Cucurbitaceae),,,,,
Plant,Citrullus sp. - Citrullus sp.,,,,,
Plant,Citrullus vulgaris - Citrullus vulgaris,,,,,
Animal,BSE Exempt human consumption boneless ruminant products,,,,,
Plant,Citrus alata - Citrus alata,,,,,
Plant,Citrus aurantiifolia - LIME,,,,,
Plant,Citrus aurantium - SOUR ORANGE,,,,,
Plant,Citrus clementina - Clementine,,,,,
Plant,Citrus hybr. - Citrus hybr.,,,,,
Plant,Citrus hystrix - Kaffir Lime,,,,,
Plant,"Citrus hystrix - Kaffir Lime, Lvs",,,,,
Plant,Citrus latifolia - PERSIAN LIME,,,,,
Plant,Citrus limetta - SWEET LIME,,,,,
Plant,Citrus limettioides - SWEET LIME,,,,,
Plant,Citrus limon - LEMON,,,,,
Plant,Citrus maxima - PUMMELO,,,,,
Plant,Citrus medica - CITRON,,,,,
Plant,Citrus medica - ETHROG,,,,,
Plant,Citrus paradisi - GRAPEFRUIT,,,,,
Plant,Citrus reticulata - Mandarin,,,,,
Plant,Citrus reticulata - TANGERINE,,,,,
Plant,Citrus sinensis - ORANGE,,,,,
Plant,Citrus sp.  (Rutaceae) - Citrus leaves,,,,,
Plant,Celeriac,,,,,
Plant,Citrus sp. - Citrus sp.,,,,,
Plant,Citrus sp. - Dried Citrus,,,,,
Plant,Citrus x microcarpa - CALAMANSI,,,,,
Plant,"Citrus, Calamondin",,,,,
Plant,"Citrus, Clementine",,,,,
Plant,"Citrus, Grapefruit",,,,,
Plant,"Citrus, Kumquat",,,,,
Plant,"Citrus, Leaves",,,,,
Plant,"Citrus, Lemon",,,,,
Plant,"Citrus, Lime",,,,,
Plant,"Citrus, Orange",,,,,
Plant,"Citrus, Peel",,,,,
Plant,"Citrus, Pomello",,,,,
Plant,"Citrus, Sour Lime",,,,,
Plant,"Citrus, Sweet Lime",,,,,
Plant,"Citrus, Tangerine",,,,,
Plant,Clausena lansium - WAMPI,,,,,
Plant,Clay,,,,,
Plant,Clematis sp. - Clematis,,,,,
Plant,Clematis sp. - Clematis sp.,,,,,
Plant,Clitoria sp. - Clitoria sp.,,,,,
Plant,Clusia rosea - Clusia rosea,,,,,
Plant,Clusia sp. - Clusia sp.,,,,,
Miscellaneous,Building Materials,,,,,
Plant,Coccinia grandis - IVY GOURD,,,,,
Plant,Coccoloba uvifera - Seagrape,,,,,
Plant,Coco De Mono,,,,,
,Bulb,,,,,
Plant,Celery,,,,,
Plant,"Coconut, Dried",,,,,
Plant,"Coconut, Plant",,,,,
Plant,"Coconut, Seed",,,,,
Plant,"Coconut, w/o Husk",,,,,
Plant,Cocoplum,,,,,
Plant,Chayote,,,,,
Plant,Cocos nucifera - Cocos nucifera,,,,,
Plant,Cocos sp. - Cocos,,,,,
Plant,"Coffea arabica - ""Coffee, Green Unroasted""",,,,,
Plant,Coffea arabica - Coffea arabica,,,,,
Plant,"Coffea arabica - Coffee, Unroasted",,,,,
Plant,Coffea sp. - Coffea sp.,,,,,
Plant,Coffea sp. - Coffee Roasted,,,,,
Plant,Coffee,,,,,
Plant,Coffee sp.  - coffee arabica,,,,,
Plant,"Coffee, Bean",,,,,
Plant,"Coffee, Leaves",,,,,
,"Bupleurum sp., CF",,,,,
Animal,Chicken,,,,,
Plant,Cola Pod,,,,,
Plant,Collard,,,,,
Plant,Colocasia esculenta - DASHEEN,,,,,
Plant,"Colocasia esculenta - Dasheen, Lvs",,,,,
Plant,Colocasia sp. - Colocasia,,,,,
Animal,Butter,,,,,
Plant,Conch Shell,,,,,
,Butternut,,,,,
Plant,Conifera,,,,,
,"Buxus sp., PM",,,,,
Plant,Chicory,,,,,
,"Cabbage, Chinese",,,,,
,Cable Reel,,,,,
Plant,Convallaria,,,,,
Plant,Convallaria sp. - Convallaria,,,,,
Plant,Chive,,,,,
Animal,Cage,,,,,
Plant,Coral,,,,,
Plant,"Corchorus capsularis - Jute, Lvs",,,,,
Plant,Cordifolium,,,,,
Plant,Cordyline,,,,,
Plant,Cordyline fruticosa - Cordyline fruticosa,,,,,
Plant,Cordyline sp. - Cordyline,,,,,
Plant,Cordyline sp. - Cordyline sp.,,,,,
,"Calathea sp., CF",,,,,
Plant,Cordyline terminalis - Cordyline terminalis,,,,,
,"Calibrachoa sp., PM",,,,,
Plant,Coriandrum sativum - CILANTRO,,,,,
Plant,Coriandrum sativum - Coriandrum sativum,,,,,
Plant,Coriandrum sativum L. (Apiaceae),,,,,
Plant,Coriandrum sp. - Coriandrum sp.,,,,,
,"Calotropis sp., CF",,,,,
,"Campanula sp., CF",,,,,
Plant,Cichorium endivia - Endive,,,,,
Plant,Corn Smut Gall,,,,,
,Capsicum,,,,,
,"Cargo, General",,,,,
Plant,Cornsalad,,,,,
Plant,Cornus sp. - Cornus,,,,,
Plant,Cornus sp. - Cornus sp.,,,,,
Plant,Cilantro,,,,,
Plant,Corozo,,,,,
Plant,"Corriander, Seed",,,,,
Plant,Cortaderia sp. - Cortaderia,,,,,
Plant,Cortaderia sp. - Cortaderia sp.,,,,,
Plant,Corylus americana - AMERICAN HAZELNUT,,,,,
Plant,Corylus avellana - EUROPEAN FILBERT,,,,,
Animal,Casings,,,,,
Plant,Cosmos bipinnatus - Cosmos bipinnatus,,,,,
Plant,Cosmos sp. - Cosmos sp.,,,,,
Plant,Cotinus sp. - Cotinus sp.,,,,,
,Cast Iron,,,,,
Plant,Cottongossypium,,,,,
Plant,Cottonia sp. - Cottonia sp.,,,,,
,Casting,,,,,
Plant,Citrus sp. - Citrus,,,,,
Plant,Craspedia sp. - Craspedia,,,,,
Plant,Clusterbean,,,,,
Plant,Crassula alstonii  (Crassulaceae),,,,,
Plant,Crassula coccinea - Crassula coccinea,,,,,
Plant,Crassula ovata - Crassula ovata,,,,,
Plant,Crassula sp. - Crassula,,,,,
Plant,Crassula sp. - Crassula sp.,,,,,
Plant,Crassulaceae - Crassulaceae,,,,,
Plant,Crataegus sp. - Hawthorn Apple,,,,,
Plant,Crescentia cujete - AYALE,,,,,
Plant,Crescentia sp. (Bignoniaceae),,,,,
Plant,Crocosmia,,,,,
Plant,Crocus,,,,,
Plant,Crocus sativus - Crocus sativus,,,,,
Plant,Crotalaria longirostrata - CHIPILIN,,,,,
Plant,Croton,,,,,
Plant,Cucuma,,,,,
,Ceramic Pot,,,,,
Plant,Coconut,,,,,
Plant,Cucumis anguria - BUR CUCUMBER,,,,,
Plant,Cucumis melo - Cucumis melo,,,,,
Plant,Cucumis melo - MELON,,,,,
Plant,Cucumis melo var. cantalupo - CANTALOUPE,,,,,
Plant,Cucumis melo var. inodorus - Honeydew Melon,,,,,
Plant,Cucumis sativus - CUCUMBER,,,,,
Plant,Cucumis sativus - Cucumis sativus,,,,,
Plant,Cucumis sativus - Gherkin,,,,,
Plant,Cucumis sativus L. (Cucurbitaceae),,,,,
Plant,Cucumis sp. - Cucumis sp.,,,,,
Plant,Cucumis sp. (Cucurbitaceae),,,,,
,Ceramic Tile,,,,,
Plant,Cucurbit,,,,,
,Ceramic Ware,,,,,
Plant,"Cucurbit, Seed",,,,,
Plant,Cucurbita digitata - Cucurbita digitata,,,,,
Plant,Cucurbita ficifolia - FIG-LEAF GOURD,,,,,
Plant,Cucurbita maxima - Cucurbita maxima,,,,,
Plant,Cucurbita maxima Duchesne (Cucurbitaceae),,,,,
Plant,Cucurbita moschata - CHINESE SQUASH,,,,,
Plant,Cucurbita pepo - Cucurbita pepo,,,,,
Plant,Cucurbita pepo L. (Cucurbitaceae),,,,,
Plant,Cucurbita pepo subsp. pepo - SQUASH,,,,,
Plant,Cucurbita sp. - Cucurbita,,,,,
Plant,Cucurbita sp. - Cucurbita sp.,,,,,
Plant,Cucurbita sp. - PUMPKIN,,,,,
Plant,"Cucurbita sp. - Pumpkin, Lvs",,,,,
Plant,Cucurbita sp. - SQUASH,,,,,
Plant,Cucurbita sp. - Squash Flower,,,,,
Plant,Cucurbita sp. - VEGETABLE MARROW,,,,,
Plant,Cucurbita sp. (Cucurbitaceae),,,,,
Plant,Cucurbitaceae,,,,,
Plant,Cucurbitaceae - Cucurbits,,,,,
,"Ceratopetalum sp., CF",,,,,
,Chamadorea,,,,,
Plant,Cuminum cyminum - Cumin,,,,,
Plant,Cuminum cyminum - Cumin Seed,,,,,
,"Chamelaucium sp., CF",,,,,
Plant,Cuminum sp. - Cuminum sp.,,,,,
Plant,Cupressus macrocarpa - Cupressus macrocarpa,,,,,
Plant,Cupressus sp. - Cupressus sp.,,,,,
Plant,Curcuma,,,,,
Plant,Curcuma caesia  (Zingiberaceae) - Black tumeric,,,,,
Plant,Curcuma longa - TURMERIC,,,,,
Plant,Curio sp. ,,,,,
Plant,Currant,,,,,
Plant,Currant Tomato,,,,,
Plant,Curry,,,,,
Plant,"Curry, Leaves",,,,,
Plant,Cutflower,,,,,
Plant,Cyamopsis tetragonoloba - CLUSTERBEAN,,,,,
Plant,Cyclamen,,,,,
Plant,Cyclamen persicum - Cyclamen persicum,,,,,
Animal,Cheese,,,,,
Plant,Cyclamen sp. - Cyclamen sp.,,,,,
Plant,Cydonia oblonga - QUINCE,,,,,
Plant,Cylindropuntia fulgida  (Cactaceae),,,,,
Plant,Cymbidium sp. - Cymbidium,,,,,
Plant,Cymbopogon citratus - Cymbopogon citratus,,,,,
Plant,Cymbopogon sp. - Cymbopogon sp.,,,,,
Plant,Cymbopogon sp. - LEMONGRASS,,,,,
Plant,Cynara scolymus - GLOBE ARTICHOKE,,,,,
Plant,Cynodon dactylon - Cynodon dactylon,,,,,
Plant,Cynodon dactylon (L.) Pers. (Poaceae),,,,,
Plant,Cynoglossum amabile  (Boraginaceae),,,,,
Plant,Cyperus,,,,,
Plant,Cyperus Corm,,,,,
Plant,Cyperus esculentus - CYPERUS CORM,,,,,
Animal,"Cheese, W/ Curd",,,,,
Animal,"Cheese, W/ Serum",,,,,
Plant,Cytisus scoparius - Cytisus scoparius,,,,,
Plant,Dacryodes edulis - Eben fruit,,,,,
Plant,Dahlia,,,,,
Plant,Dahlia coccinea - Dahlia coccinea,,,,,
Plant,Dahlia pinnata - Dahlia pinnata,,,,,
,Chemical Product,,,,,
Plant,Dahlia sp. - Dahlia,,,,,
Plant,Dahlia sp. - Dahlia sp.,,,,,
Miscellaneous,Chemicals,,,,,
Plant,Daisy,,,,,
Plant,Danae sp. - Danae,,,,,
,Cherry Tomato,,,,,
Plant,Dandelion,,,,,
,Chervil,,,,,
Plant,Cocos nucifera - Coconut,,,,,
,Chestnut,,,,,
Plant,"Dasheen, Leaves",,,,,
Plant,Cola acuminata - Kola Nut,,,,,
Plant,"Date, dried",,,,,
Plant,Daucus carota - Daucus carota,,,,,
Plant,Daucus carota subsp. sativus - CARROT,,,,,
Plant,Daucus carota subsp. sativus - Daucus carota subsp. sativus,,,,,
Plant,Daucus sp. - Daucus,,,,,
Plant,Decorativegreen,,,,,
Plant,Decorcutleaf,,,,,
Plant,Delonix regia - Delonix regia,,,,,
Plant,Delphinium sp. - Delphinium,,,,,
Plant,Dendranthema sp. - Dendranthema,,,,,
Plant,Dendranthema sp. - Dendranthema sp.,,,,,
Plant,Dendrobium sp. - Dendrobium,,,,,
Miscellaneous,Container,,,,,
Plant,Dendrobium tortile - Dendrobium tortile,,,,,
Plant,Desmodium subsericeum - Desmodium subsericeum,,,,,
Plant,Deutzia sp. - Deutzia sp.,,,,,
Animal,"Chicken, Feather",,,,,
Plant,Corn,,,,,
Plant,Dianthus caryophyllus - Dianthus caryophyllus,,,,,
Plant,Dianthus sp. - Dianthus,,,,,
Plant,Dianthus sp. - Dianthus sp.,,,,,
Plant,Dicentra sp. - Dicentra sp.,,,,,
Plant,Dieffenbachia,,,,,
Plant,Dieffenbachia amoena - Dieffenbachia amoena,,,,,
Plant,Dieffenbachia sp. - Dieffenbachia sp.,,,,,
Animal,"Chicken, Processed",,,,,
Plant,Digitalis,,,,,
Plant,Digitalis purpurea - Digitalis purpurea,,,,,
Plant,Digitalis sp. - Digitalis sp.,,,,,
Plant,Cotton,,,,,
Plant,Dimocarpus longan - Dragon Eye,,,,,
Plant,Dimocarpus longan - LONGAN,,,,,
Plant,Dioscorea sp. - YAM,,,,,
Plant,"Dioscorea sp. - Yam, Lvs",,,,,
Plant,Dioscorea trifida - Yampi,,,,,
Plant,Diospyros blancoi - PERSIMMON,,,,,
Plant,Diospyros digyna - BLACK SAPOTE,,,,,
Plant,Diospyros kaki - PERSIMMON,,,,,
Plant,Diospyros nigra - Diospyros nigra,,,,,
Plant,Diospyros sp. - Diospyros sp.,,,,,
Plant,Diospyros sp. - PERSIMMON,,,,,
Plant,Dipladenia sp. - Dipladenia sp.,,,,,
Plant,Dipterocarpus sp. - Dipterocarpus sp.,,,,,
Plant,Dodder,,,,,
,Chile Pepper,,,,,
Plant,Dracaena,,,,,
Plant,Dracaena angustifolia  (Asparagaceae),,,,,
Plant,Dracaena deremensis - Dracaena deremensis,,,,,
Plant,Dracaena draco - Dracaena draco,,,,,
Plant,Dracaena massangeana - Dracaena massangeana,,,,,
Plant,Dracaena sanderiana - Dracaena sanderiana,,,,,
Plant,Dracaena sp. - Dracaena,,,,,
Plant,Dracaena sp. - Dracaena sp.,,,,,
,Chinese Cabbage,,,,,
Plant,Dracaena trifasciata  (Asparagaceae),,,,,
,Chinese Kale,,,,,
Plant,Driedflower,,,,,
Plant,Drumstick (Fruit),,,,,
Plant,Dryandra,,,,,
,Chinese Okra,,,,,
,Chinese Squash,,,,,
Plant,Durio zibethinus - DURIAN,,,,,
Plant,Durio zibethinus - Durio zibethinus,,,,,
Plant,Dysphania ambrosioides - EPAZOTE,,,,,
Plant,Echeveria  laulensis  (Crassulaceae),,,,,
Plant,Echeveria acutifolia - Echeveria acutifolia,,,,,
Plant,Echeveria elegans - Echeveria elegans,,,,,
Plant,Echeveria sp. - Echeveria,,,,,
Plant,Echeveria sp. - Echeveria sp.,,,,,
Plant,Cucumber,,,,,
Plant,Echinacea purpurea - Echinacea purpurea,,,,,
Plant,Echinacea sp. - Echinacea sp.,,,,,
Plant,Echinocactus sp. - Echinocactus,,,,,
Plant,Echinocereus enneacanthus - STRAWBERRY CACTUS,,,,,
Plant,Echinocereus sp. - Echinocereus sp.,,,,,
Plant,Echinops ritro - Echinops ritro,,,,,
,Christmas Tree,,,,,
,Chrysanthemum Leaf,,,,,
,Chrysanthemum sp. PM,,,,,
,"Chrysanthemum sp., CF",,,,,
,Citrus,,,,,
Plant,Cumin Seed,,,,,
Plant,Elaeis oleifera - AMERICAN OIL PALM COCONUT,,,,,
,Citrus Plant Part,,,,,
,Clay Pot,,,,,
Plant,Eleocharis acicularis - Eleocharis acicularis,,,,,
Plant,Eleocharis dulcis - CHINESE WATER CHESTNUT,,,,,
Plant,Eleocharis parvula - Eleocharis parvula,,,,,
Plant,Emblic,,,,,
Miscellaneous,"Coffee, Unroasted",,,,,
Plant,Dandelion Green,,,,,
,Coir Fiber,,,,,
,Computer Part,,,,,
Plant,Epipremnum aureum - Epipremnum aureum,,,,,
Plant,Epipremnum aureum - pothos,,,,,
Plant,Epipremnum sp. - Epipremnum sp.,,,,,
Miscellaneous,Concrete,,,,,
,Consolidated,,,,,
Plant,Dasheen,,,,,
,"Container, Sea/Truck",,,,,
Plant,Equisetum sp.,,,,,
Plant,Equisetum sp. - Equisetum,,,,,
Plant,Equisetum sp. - Equisetum sp.,,,,,
Plant,Eremurus sp. - Eremurus,,,,,
,Cooking Equipment,,,,,
Plant,Erica,,,,,
Plant,Erica sp. - Erica,,,,,
Plant,Erica sp. - Erica sp.,,,,,
Plant,Eriobotrya japonica - LOQUAT,,,,,
Plant,Eruca vesicaria subsp. sativa - ARUGULA,,,,,
Plant,Eryngium,,,,,
Plant,Eryngium foetidum - Eryngium foetidum,,,,,
Plant,Eryngium foetidum - FALSE CORIANDER,,,,,
Plant,Eryngium sp. - Eryngium,,,,,
Plant,Eryngium sp. - ERYNGO,,,,,
,Copper Coil,,,,,
Plant,Eryngo,,,,,
Plant,Erythrina sp. - coral bean,,,,,
Plant,Erythroxylum sp. - Erythroxylum sp.,,,,,
Plant,Escallonia sp. - Escallonia sp.,,,,,
,Copper Tube,,,,,
,Cordyline sp.,,,,,
Plant,Date,,,,,
,"Cordyline sp., CF",,,,,
Plant,Eucalyptus sp. - Eucalyptus,,,,,
Plant,Eucalyptus sp. - Eucalyptus sp.,,,,,
Plant,"Eucalyptus, Leaves",,,,,
Plant,Eugenia sp. - Eugenia sp.,,,,,
Plant,Euonymus sp. - Euonymus sp.,,,,,
,Coriander,,,,,
Plant,Euphorbia,,,,,
Plant,Euphorbia hypericifolia - Euphorbia hypericifolia,,,,,
Plant,Euphorbia milii - Euphorbia millii,,,,,
Plant,Euphorbia pulcherrima - Euphorbia pulcherrima,,,,,
Plant,Euphorbia sp. - Euphorbia,,,,,
Plant,Euphorbia sp. - Euphorbia sp.,,,,,
,Cork,,,,,
Plant,Euphorbiaceae,,,,,
Plant,Eurcuma,,,,,
Plant,Eustoma sp. - Eustoma,,,,,
Plant,Dianthus,,,,,
Plant,Euterpe edulis - PALM HEART,,,,,
Plant,Eutrema japonica - WASABI,,,,,
Plant,Eutrema japonicum - Eutrema japonicum,,,,,
Plant,Exacum sp. - Exacum sp.,,,,,
Plant,Fabaceae,,,,,
Plant,"Fabaceae - Fabaceae, Unknown Species",,,,,
Plant,Fabiana sp. - Fabiana,,,,,
Plant,Fagraea sp. - Fagraea,,,,,
Plant,Fagus sp. - Fagus sp.,,,,,
Miscellaneous,Corn Seed,,,,,
Plant,False Kamani,,,,,
Plant,Falsesaffron,,,,,
,"Corn, Fresh",,,,,
Miscellaneous,"Corn, FV",,,,,
Plant,Fava Bean,,,,,
,"Cornus sp., CF",,,,,
,Cosmetic,,,,,
Plant,Fennel,,,,,
Plant,Fenugreek,,,,,
Miscellaneous,Cosmetics ,,,,,
Plant,Fernaldia pandurata - LOROCO,,,,,
Plant,Festuca arundinacea - Festuca arundinacea,,,,,
Plant,Festuca glauca,,,,,
Plant,Festuca rubra - Festuca rubra,,,,,
Plant,Ficus benjamina - Ficus benjamina,,,,,
Plant,Ficus carica - Ficus carica,,,,,
Plant,Ficus carica - FIG,,,,,
Plant,Ficus lyrata - Ficus lyrata,,,,,
Plant,Ficus microcarpa (artificially dwarfed) - Ficus microcarpa (artificially dwarfed),,,,,
Plant,Ficus religiosa - Ficus religiosa,,,,,
Plant,Ficus sp. - Ficus sp.,,,,,
Plant,Dill,,,,,
Plant,"Fig, Dried",,,,,
,Counter Top,,,,,
,Cranberry,,,,,
,"Craspedia sp., CF",,,,,
Animal,Cream,,,,,
Plant,Durian,,,,,
,"Cucumis sp., PM",,,,,
Miscellaneous,Cucurbit Seed,,,,,
Plant,Flour Product,,,,,
Plant,Eggplant,,,,,
Plant,Flower Bulb,,,,,
Plant,flower seeds  - Flower Seeds,,,,,
Plant,flower seeds subsp. unknown seeds  - unknown seeds,,,,,
,Cuminum Sp,,,,,
Plant,Endive,,,,,
Plant,"Flower, Lei",,,,,
Plant,"Flower, Seed",,,,,
Plant,Foeniculum sp. - Fennel Seed,,,,,
Plant,Foeniculum vulgare - FENNEL,,,,,
Plant,Foeniculum vulgare Miller (Apiaceae),,,,,
Plant,Foliage,,,,,
Plant,"Foliage, Lei",,,,,
,"Curcuma sp., CF",,,,,
,Cyclamen sp.,,,,,
,"Cymbidium sp., CF",,,,,
Plant,Fortunella sp. - KUMQUAT,,,,,
Plant,Fouquieria splendens - Fouquieria splendens,,,,,
Plant,Fragaria hybrid - Fragaria hybrid,,,,,
Plant,Fragaria sp. - Fragaria sp.,,,,,
,"Cyperus sp., CF",,,,,
Plant,Fragaria x ananassa - STRAWBERRY,,,,,
Plant,Fraxinus sp. - Fraxinus sp.,,,,,
Plant,Freesia,,,,,
Plant,Freesia sp. - Freesia,,,,,
,Cypress,,,,,
,Dahlia sp.  CF,,,,,
,"Dahlia sp., CF",,,,,
Plant,"Fruit, Cooked",,,,,
Plant,"Fruit, Dried",,,,,
Plant,"Fruit, Fresh",,,,,
Plant,"Fruit, Frozen",,,,,
Plant,"Fruit, Preserved",,,,,
Plant,"Fruit, Salad",,,,,
Plant,Fuchsia sp. - Fuchsia sp.,,,,,
,"Danae sp., CF",,,,,
Plant,Epazote,,,,,
Plant,Galanga,,,,,
Plant,Garcinia mangostana - MANGOSTEEN,,,,,
,"Dendrobium Sp., CF",,,,,
Plant,Gardenia,,,,,
Plant,Gardenia jasminoides - Gardenia jasminoide,,,,,
Plant,Ethrog,,,,,
Plant,Gardenia sp. - Gardenia,,,,,
Plant,Gardenia sp. - Gardenia sp.,,,,,
,"Dieffenbachia sp., PM",,,,,
Plant,Eucalyptus,,,,,
Plant,Gaultheria sp. - Gaultheria sp.,,,,,
,Door,,,,,
,"Dracaena sp., PM",,,,,
Miscellaneous,Dried Flowers And Other Non-Edible Plant Parts,,,,,
,Dunnage,,,,,
Plant,Genipa americana - MARMALADE-BOX,,,,,
Plant,Genista sp. - Genista,,,,,
Plant,Fern,,,,,
Plant,Gentiana sp. - Gentiana,,,,,
Plant,Geranium,,,,,
,"Echeveria sp., CF",,,,,
Plant,Geranium sp. - Geranium,,,,,
Plant,Geranium sp. - Geranium sp.,,,,,
,"Echinops sp., CF",,,,,
Plant,Gerbera jamesonii - Gerbera jamesonii,,,,,
Plant,Gerbera sp. - Gerbera,,,,,
Plant,Gerbera sp. - Gerbera sp.,,,,,
Animal,Egg,,,,,
Animal,Egg Shell,,,,,
Animal,"Egg, Garden",,,,,
Plant,Fig,,,,,
Animal,"Egg, Preserved",,,,,
Plant,"Ginger, Red (Flower)",,,,,
Plant,Ginkgo,,,,,
Plant,Ginkgo biloba - GINKGO,,,,,
Plant,Ginkgo biloba - Ginkgo biloba,,,,,
Plant,Ginseng Root,,,,,
Plant,Flower,,,,,
Plant,Gladiolus sp. - Gladiolus,,,,,
,Electric Motor,,,,,
,Electrolyte,,,,,
,Empty Trailer,,,,,
Plant,Gleditsia sp. - Gleditsia sp.,,,,,
Plant,Gleditsia triacanthos - Gleditsia triacanthos,,,,,
,Empty Truck,,,,,
Plant,Glose,,,,,
Plant,Glycine max - SOYBEAN,,,,,
Plant,Glycine max - Soybeans,,,,,
Plant,Glycine sp. - Glycine sp.,,,,,
Plant,Gnetum africanum  (Gnetaceae),,,,,
Plant,Gnetum sp. - Gnetum,,,,,
Plant,Goa Bean,,,,,
Plant,"Flower, Cut",,,,,
Plant,Gomphrena globosa - Gomphrena globosa,,,,,
,Engine Part,,,,,
Plant,Gossypium hirsutum - cotton leaf,,,,,
Plant,Gossypium sp. - Cotton Seed (feed),,,,,
Plant,Gracenias,,,,,
Plant,Grain,,,,,
Animal,Equine Meat/Meat Products,,,,,
,Equipment,,,,,
,Equipment Part,,,,,
,"Equipment, Exercise",,,,,
,"Equipment, Farm",LOW,,,fomite,equipment
,"Eremurus sp., CF",,,,,
Plant,Grape,,,,,
,"Eryngium sp., CF",,,,,
,Escarole,,,,,
Plant,Garlic,,,,,
,"Euonymus sp., PM",,,,,
Plant,Greenery,,,,,
Plant,"Greenery, Cut",,,,,
Plant,Grumichama,,,,,
,"Euphorbia sp., PM",,,,,
Plant,Genip,,,,,
Plant,Guanabana Leaves,,,,,
,"Eustoma sp., CF",,,,,
Plant,Guarana,,,,,
,False Coriander,,,,,
Plant,Guava Leaves,,,,,
Plant,"Guava, Pineapple",,,,,
Plant,"Guava, Sliced",,,,,
Plant,Gypsophila,,,,,
Plant,Gypsophila sp. - Gypsophila,,,,,
Miscellaneous,Farm/Construction Equipment,,,,,
,Fastener,,,,,
Animal,Feather,,,,,
,Fencing,,,,,
Plant,Hatiora gaertneri - Hatiora gaertneri,,,,,
Plant,Haworthia mutica - Haworthia mutica,,,,,
Plant,Haworthia sp. - Haworthia sp.,,,,,
Plant,Gerbera,,,,,
Plant,Ginger,,,,,
Plant,Heart-Of-Jesus,,,,,
Plant,Hebe sp. - Hebe sp.,,,,,
Plant,Hedera,,,,,
Plant,Hedera helix - Hedera helix,,,,,
,Film,,,,,
Plant,Hedera sp. - Hedera sp.,,,,,
Plant,Hedychium,,,,,
Plant,Helianthus,,,,,
Plant,Helianthus annuus - Helianthus annus,,,,,
Plant,Helianthus annuus L. (Asteraceae),,,,,
Plant,Helianthus helianthoides  (Asteraceae),,,,,
Plant,Helianthus sp. - Helianthus,,,,,
Plant,Helianthus sp. - Helianthus sp.,,,,,
,Fire Wood,,,,,
Plant,Helianthus tuberosus - JERUSALEM ARTICHOKE,,,,,
Plant,Helichrysum,,,,,
Plant,Heliconia,,,,,
Plant,Heliconia sp. - Heliconia,,,,,
Plant,Heliconia sp. - Heliconia sp.,,,,,
Plant,Heliotropium sp. - Heliotropium sp.,,,,,
Plant,Helleborus,,,,,
Plant,Helleborus sp. - Helleborus,,,,,
Plant,Helleborus sp. - Helleborus sp.,,,,,
Plant,Hemerocallis sp. - Hemerocallis sp.,,,,,
Plant,Hemigraphis sp. - Hemigraphis sp.,,,,,
Plant,Heracleum sp. - Heracleum sp.,,,,,
Miscellaneous,Firewood,,,,,
Plant,"Herb, Dried",,,,,
Plant,Heuchera sp. - Heuchera sp.,,,,,
Animal,Fish/Seafood,,,,,
,Flagstone,,,,,
Plant,Ginger Root,,,,,
Plant,Hibiscus aethiopicus  (Malvaceae),,,,,
Plant,Hibiscus rosa-sinensis  (Malvaceae),,,,,
Plant,Hibiscus sabdariffa - Hibiscus sabdariffa L. (Malvaceae),,,,,
Plant,Hibiscus sabdariffa - ROSELLE,,,,,
Plant,Hibiscus sp. - Hibiscus,,,,,
Plant,Hibiscus sp. - Hibiscus sp.,,,,,
Plant,Hibiscus syriacus - Hibiscus syriacus,,,,,
,Flooring,,,,,
Miscellaneous,Flooring- Laminate,,,,,
Plant,Hippeastrum sp. - Hippeastrum,,,,,
Plant,Hog-Plum,,,,,
Plant,Honewort,,,,,
,"Flooring, Wood",,,,,
Plant,Gladiolus,,,,,
Plant,Honey w/ Comb,,,,,
,Food Stuff,,,,,
Plant,Hordeum vulgare L. (Poaceae),,,,,
Plant,Horseradish,,,,,
Plant,Hosta sp. - Hosta sp.,,,,,
,Foodstuff,,,,,
Miscellaneous,Footwear,,,,,
,"Fragaria sp., PM",,,,,
,"Freesia sp., CF",,,,,
Plant,Hoya sp. - Hoya sp.,,,,,
,Fruit Mix,,,,,
,Fruit Produce,,,,,
,Furniture,,,,,
Plant,Hyacinthus,,,,,
Plant,Hyacinthus sp. - Hyacinthus,,,,,
Plant,Hyacinthus sp. - Hyacinthus sp.,,,,,
Plant,Hydrangea,,,,,
Plant,Hydrangea macrophylla - Hydrangea macrophylla,,,,,
Plant,Hydrangea sp. - Hydrangea,,,,,
Plant,Hydrangea sp. - Hydrangea sp.,,,,,
Miscellaneous,Furniture ,,,,,
Miscellaneous,Furniture/Housewares,,,,,
,Garden Bean,,,,,
Plant,Hylocereus megalanthus - Yellow Pitahaya,,,,,
Plant,Hylocereus sp. - PITAHAYA,,,,,
Plant,"Hylocereus undatus - DRAGON FRUIT, PITAHAYA, STRAWBERRY PEAR",,,,,
Plant,Hylotelephium sp. - Hylotelephium sp.,,,,,
Plant,Hypericum sp. - Hypericum,,,,,
Plant,Hypericum sp. - Hypericum sp.,,,,,
,Garden Pottery,,,,,
Plant,Hypoestes phyllostachya - Hypoestes phyllostachya,,,,,
Plant,Hypoestes sp. - Hypoestes sp.,,,,,
Plant,Iberis,,,,,
Plant,Ice Cream Bean,,,,,
Plant,Ilex,,,,,
Plant,Ilex sp. - Ilex,,,,,
,Gardenia Sp,,,,,
Plant,Imbu,,,,,
Plant,Impatiens phengklaii - Impatiens phengklaii,,,,,
Miscellaneous,Granite,,,,,
Plant,Impatiens sp. - Impatiens sp.,,,,,
Plant,Indian Mulberry,,,,,
,"Garlic, Fresh",,,,,
Plant,Inga edulis - ICE CREAM BEAN,,,,,
Plant,Inga sp. (Fabaceae),,,,,
,"Gaultheria sp.,  CF",,,,,
Plant,Inpote,,,,,
,"Gaultheria sp., PM",,,,,
Plant,Iochroma sp. - Iochroma sp.,,,,,
Plant,Guanabana,,,,,
Plant,Ipomoea aquatica - Ipomoea aquatica,,,,,
Plant,Ipomoea batatas - Ipomoea batatas,,,,,
Plant,Ipomoea batatas - SWEET POTATO,,,,,
Plant,Ipomoea purpurea - Ipomoea purpurea,,,,,
Plant,Ipomoea sp. - Ipomoea,,,,,
Plant,Iris,,,,,
Plant,Iris sp. - Iris,,,,,
,"Genista sp., cut flower",,,,,
,Geranium sp.,,,,,
,"Gerbera sp., CF",,,,,
,Gherkin,,,,,
Plant,Guava,,,,,
Plant,Jaboticaba,,,,,
Plant,Jacaranda mimosifolia - Jacaranda mimosifolia,,,,,
Miscellaneous,Hardware,,,,,
Plant,Jack-Bean,,,,,
Plant,Jackfruit,,,,,
,Glass,,,,,
Plant,Jambolan,,,,,
Plant,Jasminum,,,,,
Plant,Jasminum fruticans  (Oleaceae),,,,,
Plant,Jasminum officinale - JESSAMINE,,,,,
Plant,Jasminum sp. - Jasminum,,,,,
Plant,Jasminum sp. - Jasminum sp.,,,,,
Miscellaneous,Glass and Glass Products,,,,,
Plant,Jessamine,,,,,
Plant,Jicama,,,,,
Plant,Jojoba,,,,,
Plant,Juglans cinerea - BUTTERNUT,,,,,
Plant,Juglans regia - ENGLISH WALNUT,,,,,
Plant,Juglans sp. - Black Walnut,,,,,
Plant,Juglans sp. - Juglans sp.,,,,,
Plant,Jujube,,,,,
Plant,Juncus sp. - Juncus sp.,,,,,
Plant,Juniperus chinensis - Juniperus chinensis,,,,,
Plant,Juniperus sp. - Juniperus,,,,,
Plant,Juniperus sp. - Juniperus sp.,,,,,
Plant,Justicia sp. - Justicia sp.,,,,,
Plant,Jute,,,,,
Plant,Kaempferia galanga - GALANGA,,,,,
Plant,Kalanchoe  delagoensis  (Crassulaceae),,,,,
Plant,Kalanchoe beauverdii - Kalanchoe beauverdii,,,,,
Plant,Kalanchoe blossfeldiana - Kalanchoe blossfeldiana,,,,,
Plant,Kalanchoe daigremontiana  (Crassulaceae),,,,,
Plant,Kalanchoe pinnata - Kalanchoe pinnata,,,,,
Plant,Kalanchoe sp. - Kalanchoe,,,,,
Plant,Kalanchoe sp. - Kalanchoe sp.,,,,,
,Glass Bottle,,,,,
Plant,Kalanchoe tetraphylla - Kalanchoe tetraphylla,,,,,
,Globe Artichoke,,,,,
Plant,Hay,,,,,
Plant,Karanda,,,,,
Plant,Kava,,,,,
Plant,Kikania,,,,,
,"Gomphrena sp., CF",,,,,
Plant,Herb,,,,,
Plant,Koanophyllon sp. ,,,,,
Plant,Kochia sp. - Kochia sp.,,,,,
Plant,Kohlrabi,,,,,
Plant,Lablab purpureus - HYACINTH BEAN,,,,,
Plant,Lablab purpureus - Lablab purpureus,,,,,
Plant,Lactuca sativa - Lactuca sativa,,,,,
Plant,Lactuca sativa - LETTUCE,,,,,
Plant,Lactuca sativa L. (Asteraceae),,,,,
Plant,Lactuca sativa var. capitata - Iceberg Lettuce,,,,,
Plant,Lactuca sativa var. longifolia - Romaine Lettuce,,,,,
Plant,Lactuca sp. - Lactuca sp.,,,,,
Plant,Lagenaria siceraria - BOTTLE GOURD,,,,,
Plant,Lagenaria siceraria - Lagenaria siceraria,,,,,
Plant,Lagurus ovatus - Lagurus ovatus,,,,,
,Granite Monument,,,,,
,Granite Product,,,,,
Plant,Lambsquarter (Plant Part),,,,,
Plant,Lamiaceae,,,,,
Plant,Langsat,,,,,
Plant,Lansium domesticum - LANGSAT,,,,,
Plant,Lansium sp. (Meliaceae),,,,,
Plant,Lard Fruit,,,,,
Plant,Larrea tridentata - Larrea tridentata,,,,,
Plant,Lathyrus latifolius - Lathyrus latifolius,,,,,
Plant,Lathyrus sp. - Lathyrus,,,,,
Plant,Laurus nobilis - BAY LAUREL,,,,,
Plant,"Laurus nobilis - Bay Laurel, Lvs",,,,,
Plant,Laurus nobilis - Laurus nobilis,,,,,
Plant,Laurusnobilis,,,,,
Plant,Lavander,,,,,
Plant,Lavandula allardii - Lavandula allardii,,,,,
Plant,Lavandula sp. - Lavandula,,,,,
Plant,Lavandula sp. - Lavandula sp.,,,,,
Miscellaneous,Granite Products,,,,,
Plant,Lavandula stoechas - Lavandula stoechas,,,,,
Plant,Lavendula,,,,,
,Granite Slab,,,,,
,Granite Tile,,,,,
Plant,Leaves,,,,,
Plant,"Leaves, dried",,,,,
Plant,"Leaves, Infected",,,,,
Plant,"Leaves, Infested",,,,,
,"Grape, Fresh",,,,,
Plant,Hibiscus,,,,,
,Grapefruit,,,,,
,Grass Seed,,,,,
Plant,Lemongrass,,,,,
Plant,Lemonleaf,,,,,
Plant,Lens culinaris - Lens culinaris,,,,,
Plant,Lens culinaris - LENTIL,,,,,
Plant,Lens culinaris Medikus (Fabaceae),,,,,
Plant,Lens sp. - Lentils,,,,,
Plant,Lentil,,,,,
Plant,Leontopodium alpinum - Leontopodium alpinum,,,,,
Plant,Leren,,,,,
,Green Bean,,,,,
,Green Onion,,,,,
Plant,Leucadendron coniferum - Leucadendron coniferum,,,,,
Plant,Leucaena sp. - TEPEGUAJE,,,,,
Plant,Leucanthemum vulgare - Leucanthemum vulgare,,,,,
Plant,Leucospermum sp. - Leucospermum,,,,,
,Guar Gum,,,,,
Plant,Leucothoe fontanesiana - Leucothoe fontanesiana,,,,,
Plant,Liatris,,,,,
Plant,Liatris sp. - Liatris,,,,,
Plant,Licuala sp. - Licuala,,,,,
Plant,Ligularia sp. - Ligularia sp. in Family Asteraceae,,,,,
Miscellaneous,Honey,,,,,
Plant,Lilium auratum - Lilium auratum,,,,,
Plant,Lilium longiflorum - Lilium longiflorum,,,,,
Plant,Lilium occidentale  (Liliaceae),,,,,
Plant,Lilium sp. - Lilium,,,,,
Plant,Lilium sp. - Lilium sp.,,,,,
Plant,Lilium sp. - LILY BULB,,,,,
Plant,Lily Bulb,,,,,
Plant,Lima Bean,,,,,
,"Gypsophila sp., CF",,,,,
,Handicraft,,,,,
Plant,Hyacinth Bean,,,,,
Plant,Ivy Gourd,,,,,
,Hedera sp.,,,,,
,"Helianthus sp., CF",,,,,
Plant,Limonia acidissima - INDIAN WOOD APPLE,,,,,
Plant,Kale,,,,,
Plant,Limonium sp. - Limonium,,,,,
Plant,Linum usitatissimum - Linseed,,,,,
Plant,Lippia graveolens - OREGANO (MEXICAN),,,,,
Plant,Lippia sp. - Lippia sp.,,,,,
,Hhg/pov,,,,,
Plant,Liriope sp. - Liriope sp.,,,,,
Plant,Lirium sp. - Lirium,,,,,
,Hierbabuena,,,,,
Plant,Litchi chinensis - LITCHI,,,,,
Plant,Litchi chinensis - Litchi chinensis,,,,,
Plant,Litchi chinensis - Lychee,,,,,
Plant,Litchi/Lychee,,,,,
Plant,Lithocarpus sp. - Lithocarpus sp.,,,,,
Plant,Lithops karasmontana - Lithops karasmontana,,,,,
Plant,Lithops sp. - Lithops sp.,,,,,
Plant,Live Insects - Live Insects,,,,,
Plant,Lobularia sp. - Lobularia sp.,,,,,
Plant,Lolium perenne - Lolium perenne,,,,,
Plant,Longan,,,,,
Plant,Lonicera caerulea - Haskap,,,,,
Plant,Lonicera caerulea - Lonicera caerulea,,,,,
Plant,Lonicera sp. - Lonicera sp.,,,,,
Plant,"Loofah, Angled",,,,,
Plant,Loquat,,,,,
Miscellaneous,Kitchenware,,,,,
Plant,Kiwi,,,,,
Plant,Lotus Root,,,,,
Plant,Lotus Seed,,,,,
Plant,Lotus sp. - Lotus,,,,,
Plant,Lucuma/Lucmo,,,,,
,Honeydew,,,,,
Plant,Luffa acutangula - ANGLED LOOFAH,,,,,
Plant,Luffa acutangula - Luffa acutangula,,,,,
Plant,Luffa cylindrica  (Cucurbitaceae),,,,,
Plant,Luffa sp. - Chinese Okra,,,,,
Plant,Luffa sp. - Luffa sp.,,,,,
,Honeydew Melon,,,,,
Plant,Leek,,,,,
Plant,Lunaria sp. - Lunaria,,,,,
Plant,Lupinus,,,,,
Plant,Lycium sp. - Lycium,,,,,
Plant,Lycopersicon esculentum - Lycopersicon esculentum,,,,,
Plant,Lycopersicon sp. - Lycopersicon sp.,,,,,
Plant,Lysimachia congestiflora - Lysimachia congestiflora,,,,,
Plant,Lysimachia nummularia - Lysimachia nummularia,,,,,
Plant,Lysimachia sp. - Lysimachia sp.,,,,,
Plant,Macadamia sp. - MACADAMIA,,,,,
Plant,Macadamia sp. - Macadamia Nut,,,,,
,Household Article,,,,,
,Household Good,,,,,
Miscellaneous,Household Goods - Other (Not Wooden),,,,,
,Houseware,,,,,
,Huazontle,,,,,
Plant,Macropidia,,,,,
Plant,Magnoliophyta,,,,,
Plant,Magnoliopsida,,,,,
Plant,Maguey,,,,,
Plant,Maile,,,,,
Plant,Malpighia emarginata - Malpighia emarginata,,,,,
Plant,Malpighia glabra - BARBADOS CHERRY,,,,,
Plant,Malus domestica - APPLE,,,,,
Plant,Malus sp. - Crab apple,,,,,
Plant,Malus sp. - Malus sp.,,,,,
Plant,Malva sylvestris - Malva sylvestris,,,,,
Plant,Mammea americana - MAMEE-APPLE,,,,,
Plant,Mandevilla sp. - Mandevilla sp.,,,,,
Plant,Mangel,,,,,
Plant,Mangifera indica - Mangifera indica,,,,,
Plant,Mangifera indica - MANGO,,,,,
Plant,Mangifera sp. - Mangifera,,,,,
Plant,Mangifera sp. - Mangifera sp.,,,,,
Plant,Mango,,,,,
Plant,"Mango, Dried",,,,,
Plant,"Mango, Seed",,,,,
Plant,"Mango, Sliced",,,,,
Plant,Mangosteen,,,,,
Plant,Manihot esculenta - CASSAVA,,,,,
Plant,Manila Tamarind,,,,,
Plant,Manilkara zapota - SAPODILLA,,,,,
Plant,Manindja,,,,,
,"Hydrangea sp. , CF",,,,,
,Hydrangea sp. PM,,,,,
Plant,Maranta,,,,,
Plant,Maranta leuconeura - Maranta leuconeura,,,,,
Plant,Maranta sp. - Maranta sp.,,,,,
,Hygrophila sp.,,,,,
,"Hypericum sp., CF",,,,,
,"Ilex sp., CF",,,,,
,Impatiens sp.,,,,,
,Inedible Egg,,,,,
,Ingot,,,,,
Plant,Lettuce,,,,,
Neutral ,Insect,,,,,
,Insulator,,,,,
Plant,Marmalade-Box,,,,,
Plant,Marsh Mallow,,,,,
Plant,"Marungai, Leaves",,,,,
Plant,Mata Kucing,,,,,
Plant,Matricaria chamomilla - GERMAN CHAMOMILE,,,,,
Plant,Matricaria sp. - Matricaria,,,,,
Plant,Matteuccia sp. - Matteuccia sp.,,,,,
Plant,Matteuccia struthiopteris - Fiddlehead Fern,,,,,
Plant,Matthiola sp. - Matthiola,,,,,
,Ipecac,,,,,
,"Iris sp., CF",,,,,
Plant,Maypop,,,,,
,Iron,,,,,
,Iron Casting,,,,,
,Iron Forging,,,,,
,Italian Tile,,,,,
,Ivy,,,,,
Plant,Lilium,,,,,
,Jack Fruit,,,,,
,Jalapeno,,,,,
,"Jasminum sp., CF",,,,,
,"Kalanchoe sp., PM",,,,,
Plant,Limonium,,,,,
Plant,Loroco,,,,,
Plant,Medicago sativa - Medicago sativa,,,,,
Plant,Medicago sp. - Medicago sp.,,,,,
,"Kochia sp., CF",,,,,
Plant,Medlar,,,,,
Plant,Melicoccus bijugatus - GENIP,,,,,
Plant,Melicoccus bijugatus - Melicoccus bijugatus,,,,,
Plant,Melicoccus sp. - Genip (tree),,,,,
Plant,Melindjo,,,,,
Plant,Melon,,,,,
,"Lavandula sp., PM",,,,,
Plant,"Melon, Seed",,,,,
Plant,Mentha piperita - PEPPERMINT,,,,,
Plant,Mentha sp. - Mentha,,,,,
Plant,Mentha sp. - Mentha sp.,,,,,
Plant,Mentha sp. - MINT,,,,,
,Leaf,,,,,
Plant,Mentha spicata - Mentha spicata,,,,,
Plant,Mespilus germanica - MEDLAR,,,,,
,Leaf And Twig,,,,,
Plant,Luffa,,,,,
,Lemon,,,,,
Plant,Meterostachys sp. - Meterostachys sp.,,,,,
Plant,Microlepia strigosa - palapalai,,,,,
,Lemon Thyme,,,,,
,"Lettuce, Romaine",,,,,
,"Leucadendron sp., CF",,,,,
,"Leucospermum sp., CF",,,,,
Plant,Mimet,,,,,
Plant,Mimosa,,,,,
Plant,Lumber,,,,,
Plant,Mirabilis jalapa - Mirabilis jalapa,,,,,
Plant,Miscanthus sp. - Miscanthus sp.,,,,,
,Lime,,,,,
,Lime Stone,,,,,
Plant,Mitchella repens - Partridge Berry,,,,,
,"Lime, Persian",,,,,
Plant,Moluccella sp. - Moluccella,,,,,
,"Lime, Sour",,,,,
Plant,Mombin,,,,,
Plant,Momordica charantia - BITTER MELON,,,,,
Plant,"Momordica charantia - Bitter Melon, Lvs",,,,,
Plant,Momordica charantia - Momordica charantia,,,,,
Plant,Momordica sp. - Momordica sp.,,,,,
Plant,Monkey-Pod,,,,,
Plant,Monochaetum sp. ,,,,,
Plant,Monstera deliciosa - CERIMAN,,,,,
Plant,Monstera deliciosa - Monstera deliciosa,,,,,
Plant,Monstera sp. - Monstera,,,,,
Plant,Monstera sp. - Monstera sp.,,,,,
,"Lime, Sweet",,,,,
,Limes,,,,,
Plant,Morinda citrifolia - INDIAN MULBERRY,,,,,
Plant,"Morinda citrifolia - Indian Mulberry, Lvs",,,,,
Plant,Morinda sp. - Morinda,,,,,
Plant,Moringa oleifera - DRUMSTICK,,,,,
Plant,"Moringa oleifera - Drumstick, Lvs",,,,,
Plant,Moringa oleifera - Moringa,,,,,
Plant,Moringa oleifera - Moringa oleifera,,,,,
Plant,Moringa sp. - Moringa,,,,,
Miscellaneous,Limestone,,,,,
Plant,Mugwort,,,,,
Plant,Murraya koenigii - Murraya koenigii,,,,,
Plant,Murraya sp. - Murraya,,,,,
Plant,Musa,,,,,
Plant,Musa acuminata Colla - Musa acuminata Colla,,,,,
Plant,Musa acuminata subsp. acuminata - Musa acuminata subsp. acuminata,,,,,
Plant,Musa sp. - BANANA,,,,,
Plant,"Musa sp. - Banana, Flower",,,,,
Plant,"Musa sp. - Banana, Lvs",,,,,
Plant,Musa sp. - Musa,,,,,
Plant,Musa sp. - Musa sp.,,,,,
Plant,Musa sp. - Plantain,,,,,
Plant,Musa x paradisiaca - Apple Banana,,,,,
Plant,Muscari,,,,,
Plant,Muscari sp. - Muscari,,,,,
,Liquor,,,,,
Miscellaneous,Machinery,,,,,
,Lisianthus,,,,,
,Litchi,,,,,
,Live Plant,,,,,
Miscellaneous,Marble,,,,,
Plant,Marigold,,,,,
Plant,"Mustard, White",,,,,
Plant,Myosotis colensoi - Myosotis colensoi,,,,,
Plant,Myristica fragrans - Nutmeg,,,,,
Plant,Myrtillocactus geometrizans - PITAHAYA,,,,,
Plant,Myrtle,,,,,
Plant,Myrtus sp. - Myrtus,,,,,
Plant,Marjoram,,,,,
Plant,,,,,,
Miscellaneous,Machine Parts,,,,,
Plant,Nandina domestica  - Nandina domestica ,,,,,
Plant,Naranjilla,,,,,
Plant,Narcissus,,,,,
Plant,Narcissus abscissus  (Amaryllidaceae),,,,,
Plant,Narcissus sp. - Narcissus,,,,,
Plant,Narcissus sp. - Narcissus sp.,,,,,
Plant,Nasturtium officinale - WATERCRESS,,,,,
Plant,Nectarine,,,,,
Plant,Nelumbo nucifera - LOTUS ROOT,,,,,
Plant,Nelumbo nucifera - Nelumbo nucifera,,,,,
Plant,Nelumbo nucifera Gaertner (Nelumbonaceae),,,,,
Plant,Nelumbo sp. - Nelumbo,,,,,
Plant,Nepeta cataria - Nepeta cataria,,,,,
Plant,Nephelium lappaceum - Nephelium lappaceum,,,,,
Plant,Nephelium lappaceum - RAMBUTAN,,,,,
Plant,Nephrolepis exaltata - Nephrolepsis exaltata,,,,,
Plant,Nephrolepis sp. - Nephrolepis sp.,,,,,
,Machinery Part,,,,,
Plant,Nerine,,,,,
,"Machinery, Used",,,,,
Plant,Nerine sp. - Nerine,,,,,
Plant,Nerium sp. - Nerium,,,,,
Plant,Nicotiana sp. - Nicotiana sp.,,,,,
Plant,Nigella,,,,,
Plant,Nigella sativa - Nigella sativa,,,,,
,Mahogany Lumber,,,,,
,Malanga,,,,,
Plant,Nut,,,,,
Plant,"Nut, Almond",,,,,
Plant,"Nut, Beechnut",,,,,
Plant,"Nut, Betel",,,,,
Plant,"Nut, Betel W/ Husk",,,,,
Plant,"Nut, Black Palm",,,,,
Plant,"Nut, Brazil",,,,,
Plant,"Nut, Candlenut",,,,,
Plant,"Nut, Cashew",,,,,
Plant,"Nut, Chestnut",,,,,
Plant,"Nut, Filbert",,,,,
Plant,"Nut, Groundnut",,,,,
Plant,"Nut, Hazelnut",,,,,
Plant,"Nut, Hog Peanut",,,,,
Plant,"Nut, Kola",,,,,
Plant,"Nut, Kukui",,,,,
Plant,"Nut, Litchi",,,,,
Plant,"Nut, Macadamia",,,,,
Plant,"Nut, Malabar",,,,,
Miscellaneous,Manufactured Wood Articles,,,,,
Plant,"Nut, Palm",,,,,
Plant,"Nut, Parry`s Pine",,,,,
Plant,"Nut, Peanut",,,,,
Plant,"Nut, Pecan",,,,,
Plant,"Nut, Petroleum",,,,,
Plant,"Nut, Physic",,,,,
Plant,"Nut, Pili",,,,,
Plant,"Nut, Pistachio",,,,,
Plant,"Nut, Rattan",,,,,
Plant,"Nut, Saba",,,,,
Plant,"Nut, Shea",,,,,
Plant,"Nut, Walnut",,,,,
Plant,Nutmeg,,,,,
Plant,Oakleaf,,,,,
Miscellaneous,Medicine,,,,,
Plant,Ocimum americanum - Ocimum americanum,,,,,
Miscellaneous,Marble Products,,,,,
Plant,Ocimum basilicum   (Lamiaceae),,,,,
Plant,Ocimum basilicum - BASIL,,,,,
Plant,Ocimum basilicum - Basil seeds,,,,,
Plant,Ocimum basilicum - Ocimum basilicum,,,,,
Plant,Ocimum sp. - Ocimum sp.,,,,,
Plant,Ocimum sp. (Lamiaceae),,,,,
Plant,Ocimum tenuiflorum - Ocimum tenuiflorum,,,,,
Plant,Ocotea quixos  (Lauraceae),,,,,
Plant,Oil Palm,,,,,
,Marble Slab,,,,,
Plant,Mint,,,,,
,Marble Tile,,,,,
Plant,Olea europaea - Olea europaea,,,,,
Plant,Mushroom,,,,,
Plant,Olea europaea subsp. europaea - OLIVE,,,,,
Plant,Olea sp. - Olea,,,,,
Plant,Oleander,,,,,
Plant,Mustard,,,,,
Plant,Oncidium sp. - Oncidium,,,,,
Plant,Onion,,,,,
,"Marigold sp., CF",,,,,
Plant,Mustard Green,,,,,
Plant,Opuntia   tuna  (Cactaceae),,,,,
Plant,Opuntia ficus-indica - Opuntia ficus-indica,,,,,
Plant,Opuntia ficus-indica - Prickly Pear Fruit,,,,,
Plant,Opuntia sp. - Nopales,,,,,
Plant,Opuntia sp. - Opuntia sp.,,,,,
Plant,Opuntia sp. - PRICKLY PEAR PAD,,,,,
Plant,Oraceaeae,,,,,
,"Matthiola sp., CF",,,,,
Plant,Orchid,,,,,
Animal,Mayonaise,,,,,
Plant,"Orchid, Flower",,,,,
Plant,"Orchid, Plant",,,,,
Plant,"Orchidaceae - Orchidaceae, Unknown Species",,,,,
Plant,Orchidantha sp. - Orchidantha,,,,,
Plant,Orchidantha sp. - Orchidantha sp.,,,,,
Plant,Orchis sp. - Orchis,,,,,
Plant,Orchis sp. - Orchis sp.,,,,,
Miscellaneous,Medicinal Herbs,,,,,
Plant,Okra,,,,,
Plant,Orientalis,,,,,
Plant,Origanum dictamnus - Marjoram,,,,,
Plant,Origanum majorana - MARJORAM,,,,,
Plant,Origanum onites - OREGANO (EUROPEAN),,,,,
Plant,Origanum sp. - Origanum sp.,,,,,
Plant,Origanum vulgare - OREGANO (EUROPEAN),,,,,
Plant,Origanum vulgare - Origanum vulgare,,,,,
Plant,Ornithogalum dubium - Ornithogalum dubium,,,,,
Plant,Ornithogalum sp. - Ornithogalum sp.,,,,,
,"Melon, Fresh",,,,,
Plant,Orthoclada sp. - Orthoclada sp.,,,,,
Plant,Oryza punctata - Oryza punctata,,,,,
Plant,Oryza sativa - Oryza sativa,,,,,
Plant,Olea europaea - olive,,,,,
Plant,Oryza sp.,,,,,
Plant,Oryza sp. - Oryza sp.,,,,,
Plant,Oryza sp. red rice (Poaceae),,,,,
,"Mentha sp., CF",,,,,
,Metal Hardwre,,,,,
,Metal Part,,,,,
Plant,Oxalis,,,,,
Plant,Oxalis sp. - Oxalis sp.,,,,,
Miscellaneous,"Metals, Minerals & Metal Products",,,,,
Plant,Pacaya,,,,,
Plant,Pachira aquatica - Pachira aquatica,,,,,
Plant,Pachira sp. - Pachira sp.,,,,,
Plant,Pachyrhizus erosus - Pachyrhizus erosus,,,,,
Plant,Pachyrhizus tuberosus - JICAMA,,,,,
Plant,Pachysandra sp. - Pachysandra sp.,,,,,
Plant,Paeonia lactiflora - Paeonia lactiflora,,,,,
Plant,Paeonia sp. - Paeonia,,,,,
Plant,Paeonia sp. - Paeonia sp.,,,,,
Plant,Pak Choi,,,,,
Plant,Palm Heart,,,,,
Plant,Olive,,,,,
Plant,"Palm, Foliage",,,,,
Plant,"Palm, Sabal",,,,,
Plant,"Palm, Seed",,,,,
Miscellaneous,Miscellaneous Equipment,,,,,
Plant,Palmijuncinae sp. - Palmijuncinae,,,,,
Plant,Panax ginseng - Chinese Ginseng,,,,,
Plant,Panax ginseng - Panax ginseng,,,,,
Plant,Panax pseudoginseng - Ginseng,,,,,
Plant,Panax sp. - Panax sp.,,,,,
Plant,Pandanus,,,,,
Plant,Pandanus amaryllifolius - Pandanus amaryllifolius,,,,,
Plant,Panicum sp. (Poaceae),,,,,
Plant,Panicum virgatum - Panicum virgatum,,,,,
Plant,Pansy,,,,,
Plant,Papaver,,,,,
Plant,Papaver sp. - Papaver sp.,,,,,
Miscellaneous,Miscellaneous Non-Regulated Material,,,,,
,"Mokara sp., CF",,,,,
,"Molucella sp., CF",,,,,
Animal,Mooncake With Egg,,,,,
Plant,Paphiopedilum bougainvilleanum - Paphiopedilum bougainvilleanum,,,,,
,Motor,,,,,
,Motor Part,,,,,
Plant,"Onion, Green",,,,,
Plant,Parsnip,,,,,
Plant,Parthenocissus sp. - Parthenocissus sp.,,,,,
Plant,Passiflora caerulea - Passiflora caerulea,,,,,
Plant,Passiflora edulis - Passiflora edulis,,,,,
Plant,Passiflora edulis f. edulis - PURPLE GRANADILLA,,,,,
Plant,Passiflora ligularis - Grandilla,,,,,
Plant,Passiflora ligularis - SWEET GRANADILLA,,,,,
Plant,Passiflora sp. - Lilikoi,,,,,
Plant,Passiflora sp. - Passiflora sp.,,,,,
Plant,Passiflora sp. - PASSION FRUIT,,,,,
Plant,Passion Fruit,,,,,
Plant,Pastinaca sativa - PARSNIP,,,,,
Plant,Pataua Oil Coconut,,,,,
,"Mushroom, Fresh",,,,,
Plant,Oregano,,,,,
Plant,Oryza sativa - Rice,,,,,
,Mustard Seed,,,,,
,"Myrtus sp., CF",,,,,
,,,,,,
Plant,Peach Palm,,,,,
,Nail,,,,,
Plant,Pear,,,,,
Plant,"Pear, Asian",,,,,
Plant,"Pear, Balsam",,,,,
Plant,Pearcea sp. - Pearcea sp.,,,,,
,"Narcissus sp., CF",,,,,
Miscellaneous,Natural And Man-Made Materials-Brooms,,,,,
Plant,Pedilanthus tithymaloides  (Euphorbiaceae),,,,,
Plant,Pelargonium abrotanifolium - Pelargonium abrotanifolium,,,,,
Plant,Pelargonium hybrid - Pelargonium hybrid,,,,,
Plant,Pelargonium sp. - Pelargonium sp.,,,,,
Plant,Pennisetum glaucum (L.) R.Br. (Poaceae),,,,,
Plant,Pennisetum sp. - Pennisetum,,,,,
Plant,Penstemon,,,,,
Plant,Penstemon hartwegii - Penstemon hartwegii,,,,,
Plant,Peperomia pellucida - Peperomia pellucida,,,,,
Plant,Peperomia prostrata  (Piperaceae),,,,,
Plant,Peperomia sp. - Peperomia,,,,,
Plant,Peperomia sp. - Peperomia sp.,,,,,
Plant,Peperomia verticillata  (Piperaceae),,,,,
Plant,Pepino,,,,,
,"Nephrolepis sp.,  CF",,,,,
,Nerine sp.  CF,,,,,
Miscellaneous,Non-Regulated Processed Food And Beverage,,,,,
Plant,"Pepper, Bonnet",,,,,
Plant,"Pepper, Cayenne",,,,,
Plant,"Pepper, Chilli",,,,,
Plant,"Pepper, Dried",,,,,
,Nursery Stock,,,,,
,"Nut, Mixed",,,,,
Miscellaneous,Nuts (Processed),,,,,
Plant,"Pepper, Manzano",,,,,
Miscellaneous,Oats,,,,,
,Ocimum Balil,,,,,
Plant,"Pepper, Red",,,,,
Plant,"Pepper, Rocoto",,,,,
Plant,"Pepper, Seasoning",,,,,
Plant,"Pepper, Tabasco",,,,,
Plant,"Pepper, Vegetable",,,,,
Plant,Papaya,,,,,
Plant,Pepperberrytree,,,,,
Plant,Peppermint,,,,,
,"Okra, Chinese",,,,,
Plant,Perilla,,,,,
Plant,Perilla frutescens - PERILLA,,,,,
Plant,Perovskia atriplicifolia - Perovskia atriplicifolia,,,,,
Plant,Parsley,,,,,
Plant,"Persea americana - Avocado, Sliced",,,,,
Plant,Persea americana - leaves,,,,,
Plant,Persea americana - Persea americana,,,,,
,"Onion, Fresh",,,,,
Plant,Persimmon,,,,,
Plant,Pea,,,,,
,Orange,,,,,
,Orchid Flowr,,,,,
,"Orchid, Cut",,,,,
Plant,Petiveria alliacea - Petiveria alliacea,,,,,
Plant,Petiveria sp. - Petiveria,,,,,
Plant,Petiveria sp. - Petiveria sp.,,,,,
Plant,Petroselinum crispum - PARSLEY,,,,,
Plant,Petroselinum crispum - Petroselinum Crispum,,,,,
Plant,Petunia axillaris - Petunia axillaris,,,,,
Plant,Petunia sp. - Petunia sp.,,,,,
Plant,Petunia x atkinsiana - Petunia x atkinsiana,,,,,
Plant,Petunia x atkinsiana subsp. potunia dark red,,,,,
Plant,Phacelia tanacetifolia - Phacelia tanacetifolia,,,,,
Plant,Phalaenopsis hieroglyphica - Phalaenopsis hieroglyphica,,,,,
,Oriental Radish,,,,,
Plant,Phalaenopsis sp. - Phalaenopsis,,,,,
Plant,Phalaenopsis sp. - Phalaenopsis sp.,,,,,
Plant,Phalaris arundinacea - Phalaris arundinacea,,,,,
Plant,Phalaris canariensis - Phalaris canariensis,,,,,
Plant,Phaseolus coccineus - Phaseolus coccineus,,,,,
Plant,Phaseolus coccineus - SCARLET RUNNER BEAN,,,,,
Plant,Phaseolus lunatus - LIMA BEAN,,,,,
Plant,Phaseolus sp. - GREEN BEAN,,,,,
Plant,Phaseolus sp. - Phaseolus sp.,,,,,
Plant,Phaseolus sp. (Fabaceae),,,,,
Plant,Phaseolus vulgaris - GARDEN BEAN,,,,,
Plant,Phaseolus vulgaris - Phaseolus vulgaris,,,,,
Plant,Phaseolus vulgaris L. (Fabaceae),,,,,
Plant,Philadelphus sp. - Philadelphus,,,,,
Plant,Philodendron,,,,,
Plant,Philodendron (Gladhands)  sp. ,,,,,
Plant,Philodendron birkin  (Araceae),,,,,
Plant,Philodendron cordatum - Philodendron cordatum,,,,,
Plant,Philodendron sp. - Philodendron sp.,,,,,
Plant,phlox,,,,,
Plant,Phlox sp. - Phlox,,,,,
,Ornithogalum sp.,,,,,
Plant,Phoenix dactylifera - Palm Fruit,,,,,
Plant,Phoenix reclinata - Senegal Date Palm,,,,,
Plant,Phoenix sp. - Date,,,,,
Plant,Phoenix sp. - Phoenix,,,,,
Plant,Phyllanthus acidus - OTAHEITE GOOSEBERRY,,,,,
Plant,Phyllanthus emblica L. (Phyllanthaceae),,,,,
Plant,Phyllica,,,,,
Plant,Phyllostachys sp. - Phyllostachys sp.,,,,,
Plant,Physalis,,,,,
Plant,Physalis peruviana - CAPE GOOSEBERRY,,,,,
Plant,Physalis philadelphica - TOMATILLO,,,,,
Plant,Picea abies - Picea abies,,,,,
Plant,Picea mariana - Picea mariana,,,,,
Plant,Picea omorika - Picea omorika,,,,,
Plant,Picea pungens - Picea pungens,,,,,
Plant,Picea sp. - Picea sp.,,,,,
,"Ornithogalum sp., CF",,,,,
Plant,Pieris japonica - Pieris Japonica,,,,,
Plant,Pieris sp. - Pieris sp.,,,,,
Plant,Pigeon Pea,,,,,
Plant,Pilea glauca  (Urticaceae),,,,,
Plant,Pimenta racemosa - Bay Rum,,,,,
Plant,Pimenta racemosa - Pimenta racemosa,,,,,
Plant,Pimpinella anisum - ANISE,,,,,
Plant,Pimpinella anisum - Pimpinella anisum,,,,,
Plant,Pimpinella sp. - Pimpinella,,,,,
Plant,Pinaceae - Spruce-Pine-Fir (spf),,,,,
Plant,"Pine, Cone",,,,,
Plant,"Pine, Seed",,,,,
Animal,Other Organisms or Vectors,,,,,
Plant,Pineapple,,,,,
Plant,Pinguin,,,,,
Plant,Pinon,,,,,
Animal,"Ovine/Caprine - Canada, Human Consumption",,,,,
Animal,"Ovine/Caprine - Canada, Not for Human Consumption",,,,,
Plant,Pinus,,,,,
Plant,Pinus (Pinaster)  sp. ,,,,,
Plant,Pinus aristata - Pinus aristata,,,,,
Plant,Pinus canariensis - Pinus canariensis,,,,,
Plant,Pinus nigra - Pinus nigra,,,,,
Plant,Pinus quadrifolia - PARRY'S PINE-NUT,,,,,
Plant,Pinus sp. - Pinon,,,,,
Plant,Pinus sp. - Pinus,,,,,
Plant,Pinus sp. - Pinus sp.,,,,,
,"Oxalis sp., PM",,,,,
,"Paeonia sp., CF",,,,,
Plant,Piper auritum - Piper auritum,,,,,
Plant,Piper auritum - Vera Cruz Pepper,,,,,
Plant,Piper betle - Betel Pepper,,,,,
Plant,Piper nigrum - Peppercorn,,,,,
Plant,Piper peltatum - Piper peltatum,,,,,
Plant,Piper sp. - Piper,,,,,
Plant,"Piper sp. - Piper, Lvs",,,,,
Plant,Pistacia vera - PISTACHIO,,,,,
Plant,Pistia stratiotes - Pistia stratiotes,,,,,
Plant,Pisum sativum - PEA,,,,,
Plant,Pisum sativum - Pisum Sativum,,,,,
Plant,Pisum sativum L. (Fabaceae),,,,,
Plant,Pisum sativum var. macrocarpon - SNOW PEA,,,,,
,"Paeonia sp., Cut Flower",,,,,
Plant,Pitahaya,,,,,
Plant,Pithecellobium dulce - MANILA TAMARIND,,,,,
Plant,Pithecellobium dulce - Pithecellobium dulce,,,,,
Plant,Pitos,,,,,
Plant,Pittosporum,,,,,
Plant,Pittosporum sp. - Pittosporum,,,,,
,Pak Choy,,,,,
,Pallet,,,,,
,"Pallet, Wood",,,,,
,Palm Leaf,,,,,
Plant,Plant,,,,,
,"Palmaceae sp., CF",,,,,
Plant,Peach,,,,,
,Paper,,,,,
Plant,"Plant, Aquatic",,,,,
Miscellaneous,Paper and Paper Products,,,,,
Plant,"Plant, Seedling",,,,,
,Paper Product,,,,,
,Parsely,,,,,
Plant,"Plant, Vine",,,,,
Plant,"Plant, w/o Roots",,,,,
Plant,Plantago major - Plantago major,,,,,
Plant,Plantain,,,,,
Animal,"Pate, Poultry",,,,,
,Pea Tip,,,,,
,"Pea, Green",,,,,
Plant,Persea americana - Avocado,,,,,
Animal,"Peacock, Feather",,,,,
Plant,Platanus occidentalis - Platanus occidentalis,,,,,
Plant,Platycerium bifurcatum - Platycerium bifurcatum,,,,,
Plant,Platymiscium yucatanum - Platymiscium yucatanum,,,,,
Plant,Plectranthus amboinicus - Plectranthus amboinicus,,,,,
Plant,Plectranthus glabratus - Plectranthus glabratus,,,,,
,Peat,,,,,
Plant,Plum,,,,,
Plant,Plumcot,,,,,
Plant,Plumeria,,,,,
Plant,Plumeria rubra f. acutifolia - Plumeria rubra f. acutifolia,,,,,
Plant,Plumeria sp. - Plumeria,,,,,
Plant,Plumeria sp. - Plumeria sp.,,,,,
Miscellaneous,Peat Moss,,,,,
Plant,Poaceae,,,,,
Plant,Poaceae - Millet,,,,,
Plant,"Poaceae - Poaceae, Unknown Species",,,,,
Plant,Podocarpus,,,,,
,Pepper,,,,,
,Pepper Other,,,,,
Plant,Polemonium sp. - Polemonium sp.,,,,,
Plant,Polianthes,,,,,
Plant,Polianthes sp. - Polianthes,,,,,
,"Pepper, Bell",,,,,
,"Pepper, Fresh",,,,,
Plant,Polystichum sp.  - Polystichum sp. ,,,,,
Plant,Polystichum sp. - Polystichum sp.,,,,,
,"Pepper, Green",,,,,
Plant,Pomegranate,,,,,
Plant,Populus sp. - Populus sp.,,,,,
,"Pepper, Hot",,,,,
,"Pepper, Orange",,,,,
,"Pepper,chili",,,,,
,Persian Lime,,,,,
,Personal Effect,,,,,
Miscellaneous,Personal Effects,,,,,
,Personal Good,,,,,
,"Petunia sp., PM",,,,,
,Phalaenopsis sp.,,,,,
Plant,Porophyllum linaria - PEPICHA,,,,,
Plant,Porophyllum ruderale - PAPALO,,,,,
Plant,Porophyllum ruderale - Porophyllum ruderale,,,,,
Plant,Porophyllum sp. - Porophyllum sp.,,,,,
Plant,Portulaca oleracea - PURSLANE,,,,,
Plant,Portulaca sp. - Portulaca,,,,,
Plant,Portulacaria sp. - Portulacaria sp.,,,,,
Plant,Poster,,,,,
,"Phlox sp., CF",,,,,
,Pickle,,,,,
Plant,Potato,,,,,
Plant,"Potato, Sweet",,,,,
Plant,Potentilla sp. - Potentilla sp.,,,,,
Plant,Pothos sp. - Pothos,,,,,
Plant,Pothos sp. - Pothos sp.,,,,,
,Pinto Bean,,,,,
,Pipe,,,,,
,Pipe Fitting,,,,,
Plant,Pouteria caimito - ABIU,,,,,
Plant,Pouteria sapota - Pouteria sapota,,,,,
Plant,Pouteria sapota - SAPOTE,,,,,
Plant,Pouteria viridis  (Sapotaceae),,,,,
Plant,Primula vulgaris - Primula vulgaris,,,,,
Animal,"Pizza, NONmeat",,,,,
,Plaintain,,,,,
Plant,Produce,,,,,
,Plant Material ,,,,,
Plant,Prosopis glandulosa - Prosopis glandulosa,,,,,
Plant,Prosopis sp. - Mesquite,,,,,
Plant,Prosopis sp. - Prosopis sp.,,,,,
Plant,Protea,,,,,
Plant,Protea cynaroides - Protea cynaroides,,,,,
Plant,Protea eximia  (Proteaceae),,,,,
Plant,Protea neriifolia  (Proteaceae),,,,,
Plant,Protea sp. - Protea sp.,,,,,
Plant,Prunus,,,,,
Plant,Prunus americana - AMERICAN PLUM,,,,,
Plant,Prunus armeniaca - APRICOT,,,,,
Plant,Prunus avium - CHERRY,,,,,
Plant,Prunus avium - Prunus avium,,,,,
Plant,Prunus cerasifera - CHERRY PLUM,,,,,
Plant,Prunus domestica - PLUM,,,,,
Plant,Prunus dulcis - ALMOND,,,,,
Plant,Prunus hybr. - PLUMCOT,,,,,
Plant,Prunus persica - PEACH,,,,,
Plant,Prunus persica - Prunus persica,,,,,
Plant,Prunus persica var. nucipersica - NECTARINE,,,,,
Plant,Prunus sp. - Prunus sp.,,,,,
Plant,Prunus sp. - Prunus spp.,,,,,
Plant,Prunus spinosa - SLOEBERRY,,,,,
Plant,Pseudophoenix sp. - Pseudophoenix,,,,,
Plant,Pseudotsuga sp. - Pseudotsuga sp.,,,,,
Plant,Psidium guajava - GUAVA,,,,,
Plant,"Psidium guajava - Guava, Lvs",,,,,
Plant,Psidium guajava - Psidium guajava,,,,,
Plant,Pterocarpus mildbraedii - Oha Leaves,,,,,
Plant,Pterocarpus sp. - Pterocarpus sp.,,,,,
,Plant Product,,,,,
Plant,"Pudding, Bread",,,,,
Plant,"Pudding, Potato",,,,,
Plant,Pummelo,,,,,
,Plant Various,,,,,
Plant,Pumpkin,,,,,
,"Plant, Potted",,,,,
Plant,"Pumpkin, Seed",,,,,
Plant,Punica granatum - POMEGRANATE,,,,,
Plant,Punica granatum - Pomegranate Arils,,,,,
Plant,Punica granatum - Punica granatum,,,,,
Plant,Purslane,,,,,
Plant,Pyrus communis - PEAR,,,,,
Plant,Pyrus pyrifolia var. culta - SAND PEAR,,,,,
Plant,Pyrus sp. - Pyrus,,,,,
Plant,Pyrus sp. (Rosaceae),,,,,
Plant,Pyrus ussuriensis - CHINESE SAND PEAR,,,,,
Plant,Pyrus x bretschneideri - YA PEAR,,,,,
Plant,Pyrus x sinkiangensis - FRAGRANT PEAR,,,,,
,"Plant, Shrub",,,,,
,"Plant, Tropical",,,,,
Plant,Quercus,,,,,
Plant,Quercus robur - Quercus robur,,,,,
Plant,Quercus sp. - Acorn,,,,,
Plant,Quercus sp. - Quercus sp.,,,,,
Plant,Quince,,,,,
Plant,Quinoa,,,,,
Plant,Radicchio,,,,,
,Plants,,,,,
Plant,Radish,,,,,
Plant,Raisin,,,,,
,Plastic,,,,,
Plant,Rambutan,,,,,
Plant,Randia echinocarpa - PAPACHE,,,,,
Plant,Ranunculus,,,,,
Plant,Ranunculus sp. - Ranunculus,,,,,
,Plastic Bag,,,,,
,Plastic Plant Ornamental,,,,,
Plant,Raphanus raphanistrum - Raphanus raphanistrum,,,,,
Plant,Raphanus sativus - ORIENTAL RADISH,,,,,
Plant,Raphanus sativus - RADISH,,,,,
Plant,Raphanus sp. - Raphanus sp.,,,,,
,Plastic Product,,,,,
Miscellaneous,Plastics and Plastic Products,,,,,
Plant,Red Hail Stone,,,,,
Plant,Rheum rhabarbarum - RHUBARB,,,,,
Plant,Rheum sp. - Rheum sp.,,,,,
Plant,Rhinanthus minor - Rhinanthus minor,,,,,
Plant,Rhizophora mangle - Rhizophora mangle,,,,,
Plant,Rhododendron,,,,,
Plant,Rhododendron sp. - Rhododendron sp.,,,,,
,Plywood,,,,,
Plant,Rhubarb,,,,,
Plant,Rhus aromatica - Rhus aromatica,,,,,
Plant,Rhus sp. - Rhus sp.,,,,,
Plant,Ribes alpinum - Ribes alpinum,,,,,
Plant,Ribes nigrum - BLACK CURRANT,,,,,
Plant,Ribes sp. - CURRANT,,,,,
Plant,Ribes sp. - GOOSEBERRY,,,,,
Plant,Ribes sp. - Ribes sp.,,,,,
Plant,Ribes uva-crispa - GOOSEBERRY,,,,,
,Poinsettia,,,,,
Plant,Rice,,,,,
Plant,Rice Bean,,,,,
,Pointed Gourd,,,,,
,"Polianthes sp., CF",,,,,
,Polyester,,,,,
Plant,Rice Straw,,,,,
Plant,"Rice, Red",,,,,
Plant,Ricinus communis - Ricinus communis,,,,,
,Pot,,,,,
Plant,Rock/Stone,,,,,
Plant,Root,,,,,
Plant,Rosa,,,,,
Plant,Rosa acicularis - Rosa acicularis,,,,,
Plant,Rosa bracteata  (Rosaceae),,,,,
Plant,Rosa canina - Rosa canina,,,,,
Plant,Rosa sp. - Rosa,,,,,
Plant,Rosa sp. - Rosa sp.,,,,,
Plant,Rosa sp. (Rosaceae),,,,,
,"Potentilla sp., PM",,,,,
Plant,Rosaceae,,,,,
Plant,Rose Hip,,,,,
Plant,"Rose, Bud",,,,,
Miscellaneous,Pottery,,,,,
Plant,"Rose, Leaves",,,,,
Animal,Poultry,,,,,
Plant,Rosemary,,,,,
Plant,Rosenbergiodendron formosum - Rosenbergiodendron formosum sp.,,,,,
Plant,Rosmarinus officinalis - ROSEMARY,,,,,
Plant,Rosmarinus officinalis - Rosmarinus Officinalis,,,,,
Plant,Rosmarinus sp. - Rosmarinus,,,,,
Plant,Rosmarinus sp. - Rosmarinus sp.,,,,,
Animal,"Poultry, Chorizo",,,,,
,Prickly Pear Pad,,,,,
,"Produce, Mixed",,,,,
Plant,"Rubus glaucus - Blackberry, Andean",,,,,
Plant,"Rubus idaeus - Raspberry, European",,,,,
Plant,Rubus occidentalis - Raspberry,,,,,
Plant,Rubus sp. - BLACKBERRY,,,,,
Plant,Rubus sp. - RASPBERRY,,,,,
Plant,Rubus sp. - Rubus sp.,,,,,
Plant,Rudbeckia,,,,,
Plant,Rudbeckia amplexicaulis - Rudbeckia amplexicaulis,,,,,
Plant,Rudbeckia sp. - Rudbeckia,,,,,
Plant,Rudbeckia sp. - Rudbeckia sp.,,,,,
Plant,Rumex acetosa - Rumex acetosa,,,,,
Miscellaneous,Pumpkin Seeds,,,,,
Miscellaneous,Quarry Product,,,,,
Miscellaneous,Quartz,,,,,
,Ranunculus sp. (CF),,,,,
,"Ranunculus sp., CF",,,,,
,Raspberry,,,,,
,Resin,,,,,
,Rice Hull,,,,,
,Rice Seed,,,,,
,Rock Sample,,,,,
,Rope,,,,,
,"Rosa sp.,  Plant",,,,,
,"Rosa sp., CF",,,,,
,"Rose, Cut Flower",,,,,
Plant,Rumohra,,,,,
Plant,Rumohra sp. - Rumohra,,,,,
Plant,Ruscus sp. - Ruscus,,,,,
,Rubber,,,,,
Plant,Ruta graveolens - Ruta graveolens,,,,,
Plant,Ruta sp. - Ruta,,,,,
Miscellaneous,Rubber and Rubber Products,,,,,
Plant,Rutabaga,,,,,
Plant,"Rutaceae - Rutaceae, Unknown Species",,,,,
Plant,Saba senegalensis - Madd fruit,,,,,
Plant,Sabal sp. - Sabal,,,,,
Plant,Saccharum officinarum - Saccharum officinarum,,,,,
Plant,Saccharum officinarum - Sugarcane,,,,,
Plant,Saccharum officinarum - Sugarcane Chews,,,,,
Plant,Saccharum sp. - Saccharum sp.,,,,,
Plant,Saccharum sp. - Sugarcane,,,,,
Plant,Safflower,,,,,
,Rubber Mat,,,,,
Plant,Sage,,,,,
Plant,Saintpaulia sp. - Saintpaulia,,,,,
Plant,Saintpaulia sp. - Saintpaulia sp.,,,,,
Plant,Salix,,,,,
Plant,Salix caprea - Salix caprea,,,,,
Plant,Salix discolor - Salix discolor,,,,,
Plant,Salix sp. - Salix,,,,,
Plant,Salix sp. - Salix sp.,,,,,
Plant,Salsify,,,,,
Plant,Saluyute Jute,,,,,
Plant,Salvia (x Hybrida)  sp. ,,,,,
Plant,Salvia farinacea - Salvia farinacea,,,,,
Plant,Salvia hispanica - Salvia hispanica,,,,,
Plant,Salvia nemorosa - Salvia nemorosa,,,,,
Plant,Salvia officinalis - SAGE,,,,,
Plant,Salvia officinalis - Salvia Officinalis,,,,,
Plant,Salvia sp. - Salvia,,,,,
Plant,Salvia sp. - Salvia sp.,,,,,
Plant,Samanea saman - Samanea saman,,,,,
Plant,Sand,,,,,
Plant,Sand Pear,,,,,
Plant,Sandersonia,,,,,
Plant,Sanguinaria canadensis - Sanguinaria canadensis,,,,,
Plant,Sansevieria arborescens  (Asparagaceae),,,,,
Plant,Sansevieria sp. - Sansevieria,,,,,
Plant,Sansevieria sp. - Sansevieria sp.,,,,,
Plant,Sansevieria trifasciata - Sansevieria trifasciata,,,,,
Plant,Santol,,,,,
Plant,Sapindus sp. - Soapberry,,,,,
Plant,Sapodilla,,,,,
Plant,Sapote,,,,,
Plant,"Sapote, Black",,,,,
Plant,"Sapote, White",,,,,
Plant,Sausage Fruit,,,,,
Plant,Saxifraga sp. - Saxifraga,,,,,
Plant,Scaevola aemula - Scaevola aemula,,,,,
Plant,Schefflera actinophylla - Schefflera actinophylla,,,,,
Plant,Schefflera sp. - Schefflera sp.,,,,,
,Rumorha,,,,,
Plant,Schlumbergera exotica - Schlumbergera exotica,,,,,
Plant,Schlumbergera sp. - Schlumbergera sp.,,,,,
Plant,Schlumbergera truncata - Schlumbergera truncata,,,,,
,"Ruscus sp.,  CF",,,,,
Plant,Sea Grape,,,,,
Plant,Seaweed,,,,,
Plant,Sechium edule - CHAYOTE,,,,,
Plant,Sedum,,,,,
Plant,Sedum sp. - Sedum,,,,,
Plant,Sedum sp. - Sedum sp.,,,,,
Plant,Sedum x echeveria  (Crassulaceae),,,,,
Plant,Seed,,,,,
,Saintpaulia sp. PM,,,,,
Plant,Selaginella kraussiana - Selaginella kraussiana,,,,,
Plant,Selaginella lepidophylla - Selaginella lepidophylla,,,,,
Plant,Sempervivum arachnoideum - Sempervivum arachnoideum,,,,,
Plant,Sempervivum calcareum  (Crassulaceae),,,,,
Plant,Sempervivum tectorum - Sempervivum tectorum,,,,,
Plant,Senecio candicans - Senecio candicans,,,,,
Plant,Senecio peregrinus - Senecio peregrinus,,,,,
Plant,Senecio sp. - Senecio,,,,,
Plant,Senecio sp. - Senecio sp.,,,,,
Plant,Senna bicapsularis - Senna bicapsularis,,,,,
,Sauce,,,,,
Plant,Sesame,,,,,
Plant,Sesamum indicum - SESAME,,,,,
Plant,Sesbania,,,,,
Plant,Sesbania grandiflora - Sesbania,,,,,
,Savory,,,,,
Plant,Shell,,,,,
Plant,Shepherd`s Purse,,,,,
,"Schefflera sp., PM",,,,,
Plant,Sideritis sp. - Sideritis,,,,,
Plant,Sinapis alba - Sinapis alba,,,,,
,Scrap Metal,,,,,
,Screw,,,,,
Plant,Sloeberry,,,,,
Plant,Snail,,,,,
Plant,"Snail, Shell",,,,,
Plant,Snails/Mollusks - Snails/Mollusks,,,,,
Plant,Snakefruit,,,,,
,Seedling,,,,,
Plant,Snow Pea,,,,,
,"Serruria sp., CF",,,,,
Plant,Soil,,,,,
,Shallot,,,,,
Animal,Shoe,,,,,
Plant,Solanaceae,,,,,
Plant,Solanum aethiopicum L. (Solanaceae),,,,,
Plant,Solanum betaceum - TREE TOMATO,,,,,
Plant,Solanum lycopersicum - Green Tomato,,,,,
Plant,Solanum lycopersicum - Red Or Pink Tomato,,,,,
Plant,Solanum lycopersicum - Roma Tomato,,,,,
Plant,Solanum lycopersicum - Solanum lycopersicum,,,,,
Plant,Solanum lycopersicum - tomato,,,,,
Plant,Solanum lycopersicum var. cerasiforme - CHERRY TOMATO,,,,,
Plant,Solanum melongena - EGGPLANT,,,,,
Plant,Solanum melongena - Solanum melongena,,,,,
Plant,Solanum muricatum - PEPINO,,,,,
Plant,Solanum quitoense - NARANJILLA,,,,,
Plant,Solanum sp. - Solanum,,,,,
Plant,Solanum sp. - Solanum spp.,,,,,
Plant,Solanum torvum - Solanum torvum,,,,,
Plant,Solanum torvum Swartz (Solanaceae),,,,,
Plant,Solanum tuberosum - POTATO,,,,,
Plant,Solanum tuberosum - Solanum tuberosum,,,,,
Plant,Soleirolia soleirolii - Soleirolia soleirolii,,,,,
Plant,Solenostemon scutellarioides - Solenostemon scutellarioides,,,,,
Plant,Solenostemon sp. - Solenostemon sp.,,,,,
Plant,Solidago,,,,,
Plant,Solidago sp. - Solidago,,,,,
Miscellaneous,Slate,,,,,
Plant,Sorbus sp. - Sorbus sp.,,,,,
Plant,Sorghum sp. - Sorghum,,,,,
Miscellaneous,Snails/Mollusks,,,,,
Plant,Sorrel,,,,,
Miscellaneous,Soil-Less Growing Media,,,,,
Plant,Soursop,,,,,
Plant,Soybean,,,,,
Plant,Spathiphyllum sp. - Spathiphyllum sp.,,,,,
,"Solanum sp., PM",,,,,
Plant,Spice,,,,,
,"Solidago sp., CF",,,,,
Plant,Spinach,,,,,
Plant,Spinacia oleracea - SPINACH,,,,,
Plant,Spinacia oleracea - Spinacia oleracea,,,,,
Plant,Spinacia oleracea L. (Amaranthaceae),,,,,
Plant,Spiraea betulifolia - Spiraea betulifolia,,,,,
Plant,Spiraea japonica - Spiraea japonica,,,,,
Plant,Spiraea sp. - Spiraea sp.,,,,,
Plant,Spondias dulcis - AMBARELLA,,,,,
Plant,Spondias mombin - HOG-PLUM,,,,,
Plant,Spondias mombin - MOMBIN,,,,,
Plant,Spondias purpurea - Purple Mombin,,,,,
Plant,Spondias sp. (Anacardiaceae),,,,,
,Soup,,,,,
Animal,"Soup, Mix No Meat",,,,,
Plant,Squash,,,,,
Plant,St. John`s Bread,,,,,
Plant,Stapelia sp. - Stapelia sp.,,,,,
Plant,Star Apple,,,,,
,Sour Orange,,,,,
,"Spathiphyllum sp., CF",,,,,
Miscellaneous,Sporting/Recreation Equipment,,,,,
,Sprout,,,,,
,Stationery/Writing Product,,,,,
,Statue Stone,,,,,
,Steel,,,,,
,Steel Bar,,,,,
Plant,Stemmacantha sp. - Stemmacantha sp.,,,,,
Plant,Stenocereus sp. - PITAHAYA,,,,,
Plant,Stephanotis sp. - Stephanotis sp.,,,,,
Plant,Stinking-Toe,,,,,
Plant,Stipa sp. - Stipa sp.,,,,,
,Steel Casing,,,,,
,Steel Casting,,,,,
,Steel Flange,,,,,
,Steel Pipe,,,,,
,Steel Rolled,,,,,
,Steel Wire,,,,,
Miscellaneous,Stone,,,,,
Miscellaneous,Stone Products,,,,,
,Stone Slab,,,,,
,Stone Slate,,,,,
,Stone Statue,,,,,
Plant,Strawflower,,,,,
Plant,Strelitzia,,,,,
Plant,Strelitzia sp. - Strelitzia,,,,,
Plant,Strelitzia sp. - Strelitzia sp.,,,,,
Plant,Strongylodon sp. - Jade Vine,,,,,
Plant,Suaeda sp. - Suaeda sp.,,,,,
,Stone Table,,,,,
Plant,Sugarcane,,,,,
Plant,"Sugarcane, w/o Nodes",,,,,
Plant,Sunflower,,,,,
Plant,Sutera sp. - Sutera sp.,,,,,
Plant,Sweet Cicely,,,,,
,Stone Tile,,,,,
Plant,Sweetsop,,,,,
Plant,Swietenia macrophylla - Swietenia macrophylla,,,,,
Plant,Swietenia mahagoni - Swietenia mahagoni,,,,,
Animal,Straw,,,,,
,Straw Packing,,,,,
,Strawberry,,,,,
,Sugar Palm Coconut,,,,,
,Sweet Potato,,,,,
Plant,Swiss Chard,,,,,
Plant,Symphoricarpos doorenbosii  (Caprifoliaceae),,,,,
Plant,Syngonium podophyllum - Syngonium podophyllum,,,,,
Plant,Syringa,,,,,
Plant,Syringa sp. - Syringa,,,,,
Plant,Syringa sp. - Syringa sp.,,,,,
,"Symphoricarpos sp., CF",,,,,
Plant,Syringa vulgaris - Syringa vulgaris,,,,,
Plant,Syzygium jambos - ROSE APPLE,,,,,
Plant,Syzygium luehmannii - Riberries,,,,,
Plant,Syzygium malaccense - MALAY APPLE,,,,,
Plant,Syzygium sp. - WATER APPLE,,,,,
Plant,Szechuan Peppercorns,,,,,
Plant,Tagetes erecta - Tagetes erecta,,,,,
Plant,Tagetes sp. - Tagetes,,,,,
Plant,Tagetes sp. - Tagetes sp.,,,,,
Plant,"Tamale, No Meat",,,,,
Plant,Tamarind,,,,,
Plant,Tamarindus indica - TAMARIND BEAN POD,,,,,
Plant,"Tamarindus indica - Tamarind, Lvs",,,,,
Plant,Tampoi,,,,,
Plant,Tanacetum,,,,,
,"Syringa sp., CF",,,,,
Plant,Taraxacum campylodes - DANDELION GREENS,,,,,
,Tangelo,,,,,
Plant,Taro,,,,,
Plant,Tarragon,,,,,
Plant,Taxus baccata - Taxus baccata,,,,,
Plant,Taxus sp. - Taxus sp.,,,,,
Plant,Taxus x media - Taxus x media,,,,,
Plant,Tea,,,,,
Plant,Teabush,,,,,
Plant,Tectona sp. - Tectona sp.,,,,,
Plant,Tepeguaje,,,,,
Plant,Terminalia catappa - Indian Almond,,,,,
Plant,Terminalia chebula - EMBLIC,,,,,
Plant,Tetrapleura tetraptera - Aidan,,,,,
Plant,Tetrapleura tetraptera - Tetrapleura tetraptera,,,,,
,Textile,,,,,
Plant,Theobroma cacao - CACAO BEAN POD,,,,,
Plant,Theobroma cacao - Theobroma cacao,,,,,
Plant,Theobroma grandiflorum - Theobroma grandiflorum,,,,,
Plant,Theobroma sp. - Theobroma,,,,,
Plant,Thinopyrum sp. - Thinopyrum sp.,,,,,
Plant,Thryptomene sp. - Thryptomene,,,,,
Miscellaneous,Textiles,,,,,
Plant,Thuja,,,,,
Plant,Thuja occidentalis - Thuja occidentalis,,,,,
Plant,Thuja sp. - Thuja,,,,,
Plant,Thuja sp. - Thuja sp.,,,,,
,"Thryptomene sp., CF",,,,,
,Thuja Spp,,,,,
Plant,Thyme,,,,,
Plant,Thymus praecox - Thymus praecox,,,,,
Plant,Thymus sp. - Thymus sp.,,,,,
Plant,Thymus vulgaris - THYME,,,,,
Plant,Thymus vulgaris - Thymus vulgaris,,,,,
Plant,Thymus vulgaris L. (Lamiaceae),,,,,
Plant,Ti,,,,,
Miscellaneous,Tile,,,,,
,"Tile, Roof",,,,,
Plant,Tilia sp. - Tilia sp.,,,,,
Plant,Tillandsia ionantha - Tillandsia ionantha,,,,,
Plant,Tillandsia sp. - Tillandsia,,,,,
,"Tile, Turkish",,,,,
,Tindora,,,,,
Miscellaneous,Tire ,,,,,
Plant,Tomatillo,,,,,
Plant,Tomato,,,,,
,Tomato Stake,,,,,
Plant,Torenia sp. - Torenia sp.,,,,,
,Tool,,,,,
Plant,Trachyspermum ammi - Trachyspermum ammi,,,,,
,Tractor Part,,,,,
Plant,Tradescantia sp. - Tradescantia sp.,,,,,
Plant,Tradescantia spathacea - Tradescantia spathacea,,,,,
Plant,Tragopogon porrifolius - SALSIFY,,,,,
Plant,Trapa natans - WATER-CHESTNUT,,,,,
,Travertine,,,,,
Plant,Treculia africana - AFRICAN BREADNUT,,,,,
,Tree,,,,,
,Tree Tomato,,,,,
Plant,Treefern,,,,,
Plant,Trichosanthes cucumerina var. anguina - EDIBLE SNAKE-GOURD,,,,,
Plant,Trichosanthes dioica - POINTED GOURD,,,,,
Plant,Trigonella foenum-graecum - Trigonella foenum-graecum,,,,,
Plant,Trigonella foenum-graecum L. (Fabaceae),,,,,
Plant,Triticum aestivum - Triticum aestivum,,,,,
Plant,Triticum aestivum - Wheat,,,,,
Plant,Triticum durum - Triticum durum,,,,,
Plant,Triticum sp. - Triticum sp.,,,,,
Plant,Triticum sp. - Wheat,,,,,
Plant,Trollius,,,,,
Animal,"Trophies and Museum specimens (bones, horns, hooves only)",,,,,
Plant,Tropicalfoliage,,,,,
Miscellaneous,Truck,,,,,
,Truck Trailer,,,,,
Plant,Truffle,,,,,
Miscellaneous,Truffles or Mushrooms,,,,,
Plant,Tsuga sp. - Tsuga,,,,,
Plant,Tsuga sp. - Tsuga sp.,,,,,
Plant,Tuber sp. - TRUFFLE,,,,,
Plant,"Tulip, Bulb",,,,,
Plant,Tulipa,,,,,
Plant,Tulipa agenensis  (Liliaceae),,,,,
Plant,Tulipa bifloriformis - Tulipa bifloriformis,,,,,
Plant,Tulipa gesneriana - Tulipa gesneriana,,,,,
Plant,Tulipa saxatilis - Tulipa saxatilis,,,,,
Plant,Tulipa sp. - Tulipa,,,,,
Plant,Tulipa sp. - Tulipa sp.,,,,,
,"Tulipa sp., CF",,,,,
Plant,Tumeric,,,,,
Plant,Tuna,,,,,
Animal,Turkey,,,,,
,Turmeric,,,,,
Plant,Turnip,,,,,
Plant,Ugli Fruit,,,,,
Plant,Ugni molinae - CHILEAN CRANBERRY,,,,,
Plant,Ugni molinae - Ugni molinae,,,,,
Plant,Ullucu,,,,,
Plant,Ullucus tuberosus - ULLUCU,,,,,
Plant,Ulmus parvifolia - Ulmus parvifolia,,,,,
Plant,Ulmus sp. - Ulmus sp.,,,,,
Plant,Ung Choy,,,,,
Neutral ,Unknown,,,,,
Plant,Unknown Bulb - Unknown Bulb,,,,,
Plant,Unknown Conifer - Unknown Conifer,,,,,
Plant,Unknown Cutflower (Commodity ID) - Unknown Cutflower (Commodity ID),,,,,
Plant,Unknown Cutflower Greenery (Commodity ID) - Unknown Cutflower Greenery (Commodity ID),,,,,
Plant,Unknown Flower - Unknown Flower,,,,,
Plant,Unknown Fruit - Unknown Fruit,,,,,
Plant,Unknown Fuit & Vegetable (Commodity ID) - Unknown Fuit & Vegetable (Commodity ID),,,,,
Plant,Unknown Herb/Spice - Unknown Herb/Spice,,,,,
Plant,Unknown Leaves - Unknown Leaves,,,,,
Plant,Unknown Miscellaneous Plant Commodity (Commodity ID) - Unknown Miscellaneous Plant Commodity (Commodity ID),,,,,
Plant,Unknown Plant - Unknown Plant,,,,,
Plant,Unknown Plant Material - Unknown Plant Material,,,,,
Plant,Unknown Plant Parts - Unknown Plant Parts,,,,,
Plant,Unknown Propagative Material (Commodity ID) - Unknown Propagative Material (Commodity ID),,,,,
Plant,Unknown Rhizome - Unknown Rhizome,,,,,
Plant,Unknown Seeds - Unknown Seeds,,,,,
Plant,Unknown Vegetable - Unknown Vegetable,,,,,
Plant,Unknown Wood - Unknown Wood,,,,,
Plant,"Urticaceae - Urticaceae, Unknown Species",,,,,
Miscellaneous,Used Vehicles,,,,,
Plant,Ustilago maydis - CORN SMUT GALLS,,,,,
Plant,Vaccinium angustifolium - BLUEBERRY,,,,,
Plant,Vaccinium corymbosum - BLUEBERRY,,,,,
Plant,Vaccinium macrocarpon - LARGE CRANBERRY,,,,,
Plant,Vaccinium myrtillus - BILBERRY,,,,,
Plant,Vaccinium sp. - BLUEBERRY,,,,,
Plant,Vaccinium sp. - CRANBERRY,,,,,
Plant,Vaccinium sp. - Vaccinium sp.,,,,,
Plant,Vachellia nilotica - Vachellia nilotica,,,,,
Plant,Vanda sp. - Vanda,,,,,
Plant,Vanilla,,,,,
Plant,Vegetable,,,,,
Plant,Vegetable Marrow,,,,,
Plant,"Vegetable, Chorizo",,,,,
Plant,"Vegetable, Cooked",,,,,
Plant,"Vegetable, Frozen",,,,,
,"Vegetable, Mixed",,,,,
,"Vegetable, Oriental",,,,,
Plant,"Vegetable, Preserved",,,,,
Neutral ,Vehicle,LOW,,,fomite,vehicle
Plant,Verbena bonariensis - Verbena bonariensis,,,,,
Plant,Verbena canadensis - Verbena canadensis,,,,,
Plant,Verbena hortensis - Verbena hortensis,,,,,
,Verbena sp.,,,,,
Plant,Vernonia amygdalina - Vernonia amygdalina,,,,,
Plant,Veronica sp. - Veronica,,,,,
,"Veronica sp., CF",,,,,
Animal,Veterinary Biologic or Veterinary Biological Product,,,,,
Plant,Vicia faba - FABA BEAN,,,,,
Plant,Vigna radiata (L.) R. Wilczek (Fabaceae),,,,,
Plant,Vigna radiata var. radiata - MUNG BEAN,,,,,
Plant,Vigna sp. - BEAN SPROUTS,,,,,
Plant,Vigna sp. (Fabaceae),,,,,
Plant,Vigna umbellata - RICE BEAN,,,,,
Plant,Vigna unguiculata subsp. sesquipedalis - Long Beans,,,,,
Plant,Vigna unguiculata subsp. unguiculata f. sesquipedalis - YARD-LONG BEAN,,,,,
Plant,Vinca minor - Vinca minor,,,,,
,Vinca sp.,,,,,
Plant,"Vine, Sweet Potato",,,,,
,Vinyl Tile,,,,,
Plant,Viola sp. - Viola sp.,,,,,
Plant,Viscum album - Viscum album,,,,,
Plant,Vitis sp. - GRAPE,,,,,
Plant,Vitis sp. - Vitis,,,,,
Plant,Vitis sp. - Vitis sp.,,,,,
Plant,Vitis vinifera - Vitis vinifera,,,,,
Plant,Wasabi,,,,,
Plant,Wasabia japonica - Wasabia japonica,,,,,
Plant,Washingtonia sp. - Washingtonia,,,,,
Plant,Water Dropwort,,,,,
,Water-Chestnut,,,,,
Plant,Watercress,,,,,
Plant,Watermelon,,,,,
Plant,Weigela sp. - Weigela sp.,,,,,
,"Weigela sp., PM",,,,,
,Wheat,,,,,
Plant,Wheat Product,,,,,
,Wheel,,,,,
Plant,Wikstroemia phillyreifolia - AKIA,,,,,
Plant,Wild Bergamot,,,,,
,Wine,,,,,
,Wire,,,,,
,Wire Cable,,,,,
,Wire Coil,,,,,
Plant,Wisteria frutescens - Wisteria frutescens,,,,,
Plant,Wisteria sp. - Wisteria sp.,,,,,
Plant,Wood,,,,,
,Wood Block,,,,,
Miscellaneous,Wood Chips,,,,,
,Wood Crate,,,,,
Plant,Wood Item,,,,,
Miscellaneous,Wood Packing Material ,,,,,
,Wood Packing Material Other,,,,,
,Wood Pallet,,,,,
Miscellaneous,Wood Shaving,,,,,
Miscellaneous,Wood Stakes,,,,,
Plant,"Wood, Cedar",,,,,
Plant,"Wood, Mesquite",,,,,
Plant,"Wood, Oak",,,,,
Plant,"Wood, Pine",,,,,
Plant,Wooden-Rose,,,,,
Animal,"Wool, Hair, bristles",,,,,
,Wreath,,,,,
Plant,x Citrofortunella floridana - Limequat,,,,,
Plant,x Mokara sp. - Mokara,,,,,
Plant,Xanthorrhoea sp. - Xanthorrhoea,,,,,
Plant,Xanthosoma sp. - DASHEEN,,,,,
Plant,Xerophyllum sp. - Xerophyllum sp.,,,,,
Plant,Ximenia sp. - Ximenia,,,,,
Plant,Ya Pear,,,,,
Plant,Yacon,,,,,
Plant,Yam,,,,,
,Yard-Long Bean,,,,,
Miscellaneous,Yarn,,,,,
Plant,Ylang-Ylang,,,,,
Animal,Yogurt,,,,,
,Yucca,,,,,
Plant,Yucca aloifolia,,,,,
Plant,Yucca filamentosa - Yucca filamentosa,,,,,
Plant,Yucca guatemalensis - IZOTE,,,,,
Plant,Yucca sp. - Yucca sp.,,,,,
Plant,Zamioculcas sp. - Zamioculcas,,,,,
Plant,Zamioculcas sp. - Zamioculcas sp.,,,,,
Plant,Zamioculcas zamiifolia - Zamioculcas zamiifolia,,,,,
Plant,Zantedeschia,,,,,
Plant,Zantedeschia aethiopica - Zantedeschia aethiopica,,,,,
Plant,Zantedeschia sp. - Zantedeschia,,,,,
Plant,Zantedeschia sp. - Zantedeschia sp.,,,,,
,"Zantedeschia sp., CF",,,,,
,"Zantedeschia sp., PM",,,,,
Plant,Zea mays - Corn,,,,,
Plant,Zea mays - Corn Husk,,,,,
Plant,Zea mays subsp. mays - CORN,,,,,
Plant,Zea mays subsp. mexicana - Zea mays subsp. mexicana,,,,,
Plant,Zea sp. - Zea,,,,,
Plant,Zea sp. - Zea sp.,,,,,
Plant,Zingiber mioga - GINGER BRACTS,,,,,
Plant,Zingiber officinale - GINGER ROOT,,,,,
Plant,Zingiber officinale - Zingiber officinale,,,,,
Plant,Zingiber sp. - Zingiber,,,,,
Plant,Zingiber sp. - Zingiber sp.,,,,,
Plant,Zingiberaceae,,,,,
Plant,Zinnia elegans - Zinnia elegans,,,,,
Plant,Zinnia sp. - Zinnia,,,,,
Plant,Zizania sp. - Wild Rice,,,,,
Plant,Ziziphus jujuba - COMMON JUJUBE,,,,,
Plant,Zucchini,,,,,
